ISO-10303-21;
HEADER;
FILE_DESCRIPTION (( 'STEP AP203' ),
    '1' );
FILE_NAME ('Á¬½Ó¼þ¸Ä.STEP',
    '2025-11-21T18:52:09',
    ( '' ),
    ( '' ),
    'SwSTEP 2.0',
    'SolidWorks 2025',
    '' );
FILE_SCHEMA (( 'CONFIG_CONTROL_DESIGN' ));
ENDSEC;

DATA;
#1 = CARTESIAN_POINT ( 'NONE',  ( 0.000000000000000000, 14.38406204335659666, 12.45000000000000107 ) ) ;
#2 = VERTEX_POINT ( 'NONE', #2653 ) ;
#3 = AXIS2_PLACEMENT_3D ( 'NONE', #2774, #194, #1051 ) ;
#4 = DIRECTION ( 'NONE',  ( 0.000000000000000000, 1.000000000000000000, -0.000000000000000000 ) ) ;
#5 = VECTOR ( 'NONE', #1348, 1000.000000000000114 ) ;
#6 = EDGE_LOOP ( 'NONE', ( #45, #795, #3313, #761, #734, #295 ) ) ;
#7 = CARTESIAN_POINT ( 'NONE',  ( 20.00000000000000355, 6.000000000000000000, 5.049999999999717382 ) ) ;
#8 = VECTOR ( 'NONE', #613, 1000.000000000000114 ) ;
#9 = LINE ( 'NONE', #3345, #778 ) ;
#10 = DIRECTION ( 'NONE',  ( 1.445602896647339163E-16, 0.000000000000000000, -1.000000000000000000 ) ) ;
#11 = ORIENTED_EDGE ( 'NONE', *, *, #3048, .T. ) ;
#12 = LINE ( 'NONE', #1053, #474 ) ;
#13 = EDGE_CURVE ( 'NONE', #1123, #1692, #1081, .T. ) ;
#14 = VERTEX_POINT ( 'NONE', #603 ) ;
#15 = CARTESIAN_POINT ( 'NONE',  ( -5.999999999999998224, 9.000000000000000000, 1.734723475976807094E-15 ) ) ;
#16 = CARTESIAN_POINT ( 'NONE',  ( 11.32636862956354484, 14.72837264311526795, -9.876582078937808262 ) ) ;
#17 = CARTESIAN_POINT ( 'NONE',  ( -20.00000000000000000, 24.00000000000000000, 1.127570259384951496E-13 ) ) ;
#18 = DIRECTION ( 'NONE',  ( -0.000000000000000000, -1.000000000000000000, -0.000000000000000000 ) ) ;
#19 = EDGE_LOOP ( 'NONE', ( #1480, #1196, #1431, #1628, #462, #1134 ) ) ;
#20 = CARTESIAN_POINT ( 'NONE',  ( -10.00000000000007105, 6.000000000000000000, 17.32050807568873196 ) ) ;
#21 = DIRECTION ( 'NONE',  ( 0.000000000000000000, 0.000000000000000000, -1.000000000000000000 ) ) ;
#22 = ORIENTED_EDGE ( 'NONE', *, *, #1449, .T. ) ;
#23 = CARTESIAN_POINT ( 'NONE',  ( -14.70073656024428033, 14.00000000000000178, -6.012422631028409903 ) ) ;
#24 = DIRECTION ( 'NONE',  ( 0.000000000000000000, 0.000000000000000000, 1.000000000000000000 ) ) ;
#25 = CARTESIAN_POINT ( 'NONE',  ( 0.000000000000000000, 6.500000000000000888, -9.724999999999997868 ) ) ;
#26 = VERTEX_POINT ( 'NONE', #2083 ) ;
#27 = DIRECTION ( 'NONE',  ( -0.4999999999999996114, 0.000000000000000000, 0.8660254037844389297 ) ) ;
#28 = CARTESIAN_POINT ( 'NONE',  ( -10.00000000000008527, 6.000000000000000000, -20.37050807568872912 ) ) ;
#29 = EDGE_CURVE ( 'NONE', #2990, #117, #2641, .T. ) ;
#30 = CARTESIAN_POINT ( 'NONE',  ( -8.000000000000000000, 24.00000000000000000, -28.83281572999747056 ) ) ;
#31 = AXIS2_PLACEMENT_3D ( 'NONE', #415, #1484, #2261 ) ;
#32 = EDGE_CURVE ( 'NONE', #573, #1270, #2843, .T. ) ;
#33 = CARTESIAN_POINT ( 'NONE',  ( -14.23282062946773685, 14.86435677680625922, -4.737516868798042680 ) ) ;
#34 = EDGE_CURVE ( 'NONE', #1363, #14, #1790, .T. ) ;
#35 = VECTOR ( 'NONE', #2021, 1000.000000000000000 ) ;
#36 = ORIENTED_EDGE ( 'NONE', *, *, #725, .F. ) ;
#37 = EDGE_CURVE ( 'NONE', #3317, #1293, #764, .T. ) ;
#38 = LINE ( 'NONE', #1917, #5 ) ;
#39 = CARTESIAN_POINT ( 'NONE',  ( -10.55107616944041737, 6.500000000000000888, -4.274999999999997691 ) ) ;
#40 = ORIENTED_EDGE ( 'NONE', *, *, #2250, .F. ) ;
#41 = VECTOR ( 'NONE', #973, 1000.000000000000114 ) ;
#42 = AXIS2_PLACEMENT_3D ( 'NONE', #754, #2299, #2088 ) ;
#43 = DIRECTION ( 'NONE',  ( 0.000000000000000000, 1.000000000000000000, -0.000000000000000000 ) ) ;
#44 = DIRECTION ( 'NONE',  ( 0.000000000000000000, 0.000000000000000000, -1.000000000000000000 ) ) ;
#45 = ORIENTED_EDGE ( 'NONE', *, *, #2936, .T. ) ;
#46 = PLANE ( 'NONE',  #641 ) ;
#47 = LINE ( 'NONE', #1870, #1859 ) ;
#48 = ORIENTED_EDGE ( 'NONE', *, *, #1687, .T. ) ;
#49 = DIRECTION ( 'NONE',  ( 1.000000000000000000, -0.000000000000000000, 0.000000000000000000 ) ) ;
#50 = ORIENTED_EDGE ( 'NONE', *, *, #709, .T. ) ;
#51 = AXIS2_PLACEMENT_3D ( 'NONE', #3189, #583, #2945 ) ;
#52 = ORIENTED_EDGE ( 'NONE', *, *, #2533, .F. ) ;
#53 = EDGE_CURVE ( 'NONE', #2663, #1383, #1571, .T. ) ;
#54 = DIRECTION ( 'NONE',  ( -0.000000000000000000, 1.000000000000000000, -0.000000000000000000 ) ) ;
#55 = CARTESIAN_POINT ( 'NONE',  ( -12.12958637079962898, 14.10094664153910493, -9.724999999999996092 ) ) ;
#56 = CIRCLE ( 'NONE', #1685, 5.049999999999976730 ) ;
#57 = DIRECTION ( 'NONE',  ( -0.000000000000000000, -1.000000000000000000, -0.000000000000000000 ) ) ;
#58 = DIRECTION ( 'NONE',  ( 0.000000000000000000, -0.000000000000000000, -1.000000000000000000 ) ) ;
#59 = ORIENTED_EDGE ( 'NONE', *, *, #1983, .T. ) ;
#60 = AXIS2_PLACEMENT_3D ( 'NONE', #588, #3160, #1135 ) ;
#61 = AXIS2_PLACEMENT_3D ( 'NONE', #2263, #468, #2245 ) ;
#62 = DIRECTION ( 'NONE',  ( 0.000000000000000000, 0.000000000000000000, 1.000000000000000000 ) ) ;
#63 = FACE_BOUND ( 'NONE', #1326, .T. ) ;
#64 = ORIENTED_EDGE ( 'NONE', *, *, #2624, .T. ) ;
#65 = EDGE_CURVE ( 'NONE', #1990, #1213, #281, .T. ) ;
#66 = DIRECTION ( 'NONE',  ( 0.000000000000000000, 1.000000000000000000, -0.000000000000000000 ) ) ;
#67 = DIRECTION ( 'NONE',  ( 0.000000000000000000, -1.000000000000000000, 0.000000000000000000 ) ) ;
#68 = ADVANCED_FACE ( 'NONE', ( #1105 ), #2861, .F. ) ;
#69 = VERTEX_POINT ( 'NONE', #2127 ) ;
#70 = CARTESIAN_POINT ( 'NONE',  ( 4.886458552447038528, 10.00000000000000000, 14.18176726699522305 ) ) ;
#71 = DIRECTION ( 'NONE',  ( -0.000000000000000000, 1.000000000000000000, -0.000000000000000000 ) ) ;
#72 = ORIENTED_EDGE ( 'NONE', *, *, #1630, .F. ) ;
#73 = EDGE_CURVE ( 'NONE', #1159, #247, #1875, .T. ) ;
#74 = DIRECTION ( 'NONE',  ( -0.000000000000000000, 1.000000000000000000, -0.000000000000000000 ) ) ;
#75 = CARTESIAN_POINT ( 'NONE',  ( 20.00000000000000355, 24.00000000000000000, 1.734723475976807094E-15 ) ) ;
#76 = DIRECTION ( 'NONE',  ( 0.000000000000000000, 1.000000000000000000, -0.000000000000000000 ) ) ;
#77 = EDGE_LOOP ( 'NONE', ( #2219, #1718 ) ) ;
#78 = AXIS2_PLACEMENT_3D ( 'NONE', #1706, #678, #2464 ) ;
#79 = EDGE_LOOP ( 'NONE', ( #2038, #1663, #1052, #782 ) ) ;
#80 = AXIS2_PLACEMENT_3D ( 'NONE', #404, #2238, #3265 ) ;
#82 = CARTESIAN_POINT ( 'NONE',  ( 3.142022756397976568, 15.00000000000000000, 14.66723194738111324 ) ) ;
#81 = SECURITY_CLASSIFICATION ( '', '', #206 ) ;
#83 = ORIENTED_EDGE ( 'NONE', *, *, #2145, .F. ) ;
#84 = CARTESIAN_POINT ( 'NONE',  ( -12.41251969149565859, 14.02008613451835650, -9.724999999999999645 ) ) ;
#85 = VECTOR ( 'NONE', #168, 1000.000000000000114 ) ;
#86 = ORIENTED_EDGE ( 'NONE', *, *, #2272, .T. ) ;
#87 = LINE ( 'NONE', #2430, #2198 ) ;
#88 = CC_DESIGN_PERSON_AND_ORGANIZATION_ASSIGNMENT ( #1704, #2751, ( #81 ) ) ;
#89 = FACE_OUTER_BOUND ( 'NONE', #79, .T. ) ;
#90 = EDGE_LOOP ( 'NONE', ( #1822, #1177, #1374, #2878 ) ) ;
#91 = VECTOR ( 'NONE', #2555, 1000.000000000000000 ) ;
#92 = EDGE_CURVE ( 'NONE', #3008, #3353, #2193, .T. ) ;
#93 = CYLINDRICAL_SURFACE ( 'NONE', #1527, 15.00000000000000000 ) ;
#94 = ADVANCED_FACE ( 'NONE', ( #2225 ), #395, .F. ) ;
#95 = PLANE ( 'NONE',  #2865 ) ;
#96 = FACE_BOUND ( 'NONE', #1282, .T. ) ;
#97 = VECTOR ( 'NONE', #517, 1000.000000000000000 ) ;
#98 = ORIENTED_EDGE ( 'NONE', *, *, #996, .F. ) ;
#99 = CYLINDRICAL_SURFACE ( 'NONE', #60, 1.000000000000000000 ) ;
#100 = CARTESIAN_POINT ( 'NONE',  ( 10.00000000000020606, 0.000000000000000000, 17.32050807568865736 ) ) ;
#101 = CARTESIAN_POINT ( 'NONE',  ( 3.142022756397976124, 10.00000000000000000, 14.66723194738111502 ) ) ;
#102 = ORIENTED_EDGE ( 'NONE', *, *, #266, .F. ) ;
#103 = DIRECTION ( 'NONE',  ( 0.000000000000000000, 1.000000000000000000, -0.000000000000000000 ) ) ;
#104 = ORIENTED_EDGE ( 'NONE', *, *, #200, .T. ) ;
#105 = EDGE_LOOP ( 'NONE', ( #180, #3229, #1648, #652 ) ) ;
#106 = VECTOR ( 'NONE', #1761, 1000.000000000000000 ) ;
#107 = DIRECTION ( 'NONE',  ( 0.000000000000000000, -1.000000000000000000, -0.000000000000000000 ) ) ;
#108 = ADVANCED_FACE ( 'NONE', ( #1703, #1684 ), #2715, .T. ) ;
#109 = CARTESIAN_POINT ( 'NONE',  ( -8.571428571429036580, 24.00000000000000000, -28.74944542499715894 ) ) ;
#110 = ORIENTED_EDGE ( 'NONE', *, *, #2419, .F. ) ;
#111 = VECTOR ( 'NONE', #1498, 1000.000000000000000 ) ;
#112 = LINE ( 'NONE', #1611, #2327 ) ;
#113 = ORIENTED_EDGE ( 'NONE', *, *, #2433, .T. ) ;
#114 = ADVANCED_FACE ( 'NONE', ( #359 ), #1976, .T. ) ;
#115 = EDGE_CURVE ( 'NONE', #1691, #3138, #490, .T. ) ;
#116 = VECTOR ( 'NONE', #2505, 1000.000000000000114 ) ;
#117 = VERTEX_POINT ( 'NONE', #1939 ) ;
#118 = ORIENTED_EDGE ( 'NONE', *, *, #1015, .T. ) ;
#119 = CARTESIAN_POINT ( 'NONE',  ( -2.564606031781882400, 14.34748954028908408, 15.00797205155615899 ) ) ;
#120 = CARTESIAN_POINT ( 'NONE',  ( 13.69763513652387488, 10.00000000000000000, -4.275000000000015454 ) ) ;
#121 = CARTESIAN_POINT ( 'NONE',  ( -10.55107616944041737, 6.500000000000000888, -9.724999999999997868 ) ) ;
#122 = CARTESIAN_POINT ( 'NONE',  ( -11.87326303086057244, 14.24209225271731860, -9.724999999999997868 ) ) ;
#123 = VERTEX_POINT ( 'NONE', #121 ) ;
#124 = DIRECTION ( 'NONE',  ( 0.4999999999999997780, 0.000000000000000000, 0.8660254037844387076 ) ) ;
#125 = ORIENTED_EDGE ( 'NONE', *, *, #1914, .T. ) ;
#126 = EDGE_LOOP ( 'NONE', ( #2321, #3311, #2644, #3238 ) ) ;
#127 = DIRECTION ( 'NONE',  ( 0.000000000000000000, 0.000000000000000000, -1.000000000000000000 ) ) ;
#128 = FACE_BOUND ( 'NONE', #2960, .T. ) ;
#129 = EDGE_LOOP ( 'NONE', ( #143, #1922, #1772, #928, #1734, #465 ) ) ;
#130 = LINE ( 'NONE', #1459, #2107 ) ;
#131 = CARTESIAN_POINT ( 'NONE',  ( -10.00000000000008527, 6.000000000000000000, -22.37050807568872557 ) ) ;
#132 = DIRECTION ( 'NONE',  ( 0.000000000000000000, -0.000000000000000000, -1.000000000000000000 ) ) ;
#133 = ORIENTED_EDGE ( 'NONE', *, *, #1719, .F. ) ;
#134 = DIRECTION ( 'NONE',  ( 0.000000000000000000, 0.000000000000000000, 1.000000000000000000 ) ) ;
#135 = CIRCLE ( 'NONE', #513, 3.049999999999999822 ) ;
#136 = EDGE_CURVE ( 'NONE', #2972, #140, #1851, .T. ) ;
#137 = CARTESIAN_POINT ( 'NONE',  ( 10.55107616944041027, 10.00000000000000000, -4.275000000000012790 ) ) ;
#138 = VECTOR ( 'NONE', #1243, 1000.000000000000000 ) ;
#139 = CIRCLE ( 'NONE', #585, 6.000000000000000888 ) ;
#140 = VERTEX_POINT ( 'NONE', #428 ) ;
#141 = CARTESIAN_POINT ( 'NONE',  ( 2.143457543363059603, 13.99999999999999645, 15.73742263102843886 ) ) ;
#142 = ORIENTED_EDGE ( 'NONE', *, *, #1257, .F. ) ;
#143 = ORIENTED_EDGE ( 'NONE', *, *, #426, .F. ) ;
#144 = LOCAL_TIME ( 2, 52, 9.000000000000000000, #461 ) ;
#145 = DIRECTION ( 'NONE',  ( 0.000000000000000000, 0.000000000000000000, -1.000000000000000000 ) ) ;
#146 = FACE_BOUND ( 'NONE', #1813, .T. ) ;
#147 = ORIENTED_EDGE ( 'NONE', *, *, #32, .F. ) ;
#148 = DIRECTION ( 'NONE',  ( 0.000000000000000000, 0.000000000000000000, 1.000000000000000000 ) ) ;
#149 = CARTESIAN_POINT ( 'NONE',  ( 1.573279483541738744, 10.00000000000000000, 11.27500000000000568 ) ) ;
#150 = ORIENTED_EDGE ( 'NONE', *, *, #2652, .T. ) ;
#151 = CARTESIAN_POINT ( 'NONE',  ( 4.886458552447038528, 10.00000000000000000, 14.18176726699522305 ) ) ;
#152 = ORIENTED_EDGE ( 'NONE', *, *, #2980, .T. ) ;
#153 = DIRECTION ( 'NONE',  ( 0.000000000000000000, 0.000000000000000000, 1.000000000000000000 ) ) ;
#154 = PERSON_AND_ORGANIZATION ( #3285, #2102 ) ;
#155 = AXIS2_PLACEMENT_3D ( 'NONE', #1148, #2407, #2930 ) ;
#156 = EDGE_CURVE ( 'NONE', #2670, #863, #2462, .T. ) ;
#157 = VERTEX_POINT ( 'NONE', #137 ) ;
#158 = CYLINDRICAL_SURFACE ( 'NONE', #2627, 5.049999999999998934 ) ;
#159 = ORIENTED_EDGE ( 'NONE', *, *, #198, .T. ) ;
#160 = ORIENTED_EDGE ( 'NONE', *, *, #1897, .T. ) ;
#161 = PLANE ( 'NONE',  #2019 ) ;
#162 = CARTESIAN_POINT ( 'NONE',  ( 3.702258601178482156, 6.500000000000000888, 2.137500000000000622 ) ) ;
#163 = ORIENTED_EDGE ( 'NONE', *, *, #1596, .F. ) ;
#164 = CARTESIAN_POINT ( 'NONE',  ( -8.571428571428571175, 10.00000000000000000, -28.74944542499729394 ) ) ;
#165 = VECTOR ( 'NONE', #3326, 1000.000000000000000 ) ;
#166 = DIRECTION ( 'NONE',  ( 0.000000000000000000, 1.000000000000000000, -0.000000000000000000 ) ) ;
#167 = VECTOR ( 'NONE', #3337, 1000.000000000000000 ) ;
#168 = DIRECTION ( 'NONE',  ( 0.5000000000000002220, -0.000000000000000000, -0.8660254037844384856 ) ) ;
#169 = ORIENTED_EDGE ( 'NONE', *, *, #3175, .T. ) ;
#170 = AXIS2_PLACEMENT_3D ( 'NONE', #664, #2453, #127 ) ;
#171 = VECTOR ( 'NONE', #2642, 1000.000000000000000 ) ;
#172 = APPROVAL_STATUS ( 'not_yet_approved' ) ;
#173 = EDGE_CURVE ( 'NONE', #3353, #2686, #3078, .T. ) ;
#174 = VERTEX_POINT ( 'NONE', #692 ) ;
#175 = CARTESIAN_POINT ( 'NONE',  ( -20.00000000000000000, 24.00000000000000000, 1.127570259384951496E-13 ) ) ;
#176 = ORIENTED_EDGE ( 'NONE', *, *, #3283, .F. ) ;
#177 = ORIENTED_EDGE ( 'NONE', *, *, #1076, .T. ) ;
#178 = DIRECTION ( 'NONE',  ( -0.000000000000000000, -1.000000000000000000, -0.000000000000000000 ) ) ;
#179 = LINE ( 'NONE', #162, #1411 ) ;
#180 = ORIENTED_EDGE ( 'NONE', *, *, #1442, .T. ) ;
#181 = EDGE_CURVE ( 'NONE', #1493, #1270, #376, .T. ) ;
#182 = VECTOR ( 'NONE', #756, 1000.000000000000000 ) ;
#183 = LINE ( 'NONE', #1748, #2946 ) ;
#184 = DIRECTION ( 'NONE',  ( 0.000000000000000000, 0.000000000000000000, 1.000000000000000000 ) ) ;
#185 = CYLINDRICAL_SURFACE ( 'NONE', #2315, 1.550000000000000933 ) ;
#186 = VERTEX_POINT ( 'NONE', #2735 ) ;
#187 = B_SPLINE_CURVE_WITH_KNOTS ( 'NONE', 3,
 ( #2109, #254, #16, #3127, #757, #2093 ),
 .UNSPECIFIED., .F., .F.,
 ( 4, 2, 4 ),
 ( -6.324562724287424819E-06, 0.0005600969936650243390, 0.001126518550054336244 ),
 .UNSPECIFIED. ) ;
#188 = EDGE_LOOP ( 'NONE', ( #986, #356, #2485, #2809 ) ) ;
#190 = LINE ( 'NONE', #2531, #2249 ) ;
#189 = AXIS2_PLACEMENT_3D ( 'NONE', #506, #1532, #2566 ) ;
#191 = EDGE_LOOP ( 'NONE', ( #378, #1004, #2874, #2826 ) ) ;
#192 = AXIS2_PLACEMENT_3D ( 'NONE', #2037, #250, #271 ) ;
#193 = DIRECTION ( 'NONE',  ( -0.4999999999999998890, 0.000000000000000000, -0.8660254037844387076 ) ) ;
#194 = DIRECTION ( 'NONE',  ( 0.000000000000000000, 1.000000000000000000, -0.000000000000000000 ) ) ;
#195 = ORIENTED_EDGE ( 'NONE', *, *, #345, .T. ) ;
#196 = AXIS2_PLACEMENT_3D ( 'NONE', #1058, #1809, #275 ) ;
#197 = CARTESIAN_POINT ( 'NONE',  ( -6.000000000000000000, 24.00000000000000000, -15.00000000000000178 ) ) ;
#198 = EDGE_CURVE ( 'NONE', #2369, #186, #927, .T. ) ;
#199 = DIRECTION ( 'NONE',  ( 0.000000000000000000, 1.000000000000000000, -0.000000000000000000 ) ) ;
#200 = EDGE_CURVE ( 'NONE', #471, #2404, #1407, .T. ) ;
#201 = VERTEX_POINT ( 'NONE', #2495 ) ;
#202 = DIRECTION ( 'NONE',  ( 0.000000000000000000, 0.000000000000000000, -1.000000000000000000 ) ) ;
#203 = EDGE_LOOP ( 'NONE', ( #1090, #3094 ) ) ;
#204 = DIRECTION ( 'NONE',  ( -0.000000000000000000, -1.000000000000000000, -0.000000000000000000 ) ) ;
#205 = CARTESIAN_POINT ( 'NONE',  ( -10.00000000000008527, 6.000000000000000000, -12.27050807568872948 ) ) ;
#206 = SECURITY_CLASSIFICATION_LEVEL ( 'unclassified' ) ;
#207 = CARTESIAN_POINT ( 'NONE',  ( -11.71498204004354626, 14.34748954028908408, -9.724999999999996092 ) ) ;
#208 = ORIENTED_EDGE ( 'NONE', *, *, #221, .F. ) ;
#209 = PLANE ( 'NONE',  #78 ) ;
#210 = ORIENTED_EDGE ( 'NONE', *, *, #2332, .T. ) ;
#211 = CIRCLE ( 'NONE', #51, 3.050000000000043787 ) ;
#212 = AXIS2_PLACEMENT_3D ( 'NONE', #560, #2364, #1095 ) ;
#213 = CARTESIAN_POINT ( 'NONE',  ( 14.72500000000000320, 24.00000000000000000, -2.859086392538696675 ) ) ;
#214 = CARTESIAN_POINT ( 'NONE',  ( -10.55107616944041737, 6.500000000000000888, -9.724999999999997868 ) ) ;
#215 = ORIENTED_EDGE ( 'NONE', *, *, #469, .F. ) ;
#216 = DIRECTION ( 'NONE',  ( 0.000000000000000000, 1.000000000000000000, -0.000000000000000000 ) ) ;
#217 = ORIENTED_EDGE ( 'NONE', *, *, #2504, .T. ) ;
#218 = LINE ( 'NONE', #30, #182 ) ;
#219 = ADVANCED_FACE ( 'NONE', ( #1156 ), #893, .F. ) ;
#220 = CARTESIAN_POINT ( 'NONE',  ( 3.702258601178478159, 6.500000000000000888, 2.137499999999999289 ) ) ;
#221 = EDGE_CURVE ( 'NONE', #2463, #1404, #1353, .T. ) ;
#222 = CARTESIAN_POINT ( 'NONE',  ( 9.764436427669549445, 6.500000000000000888, -5.637500000000006395 ) ) ;
#223 = EDGE_CURVE ( 'NONE', #2105, #2697, #3016, .T. ) ;
#224 = AXIS2_PLACEMENT_3D ( 'NONE', #1721, #656, #394 ) ;
#225 = CARTESIAN_POINT ( 'NONE',  ( 2.069452425350854607, 14.00000000000000000, 15.86560325544570915 ) ) ;
#226 = LINE ( 'NONE', #2825, #1877 ) ;
#227 = ORIENTED_EDGE ( 'NONE', *, *, #2562, .T. ) ;
#228 = DIRECTION ( 'NONE',  ( 0.000000000000000000, 1.000000000000000000, -0.000000000000000000 ) ) ;
#229 = FACE_OUTER_BOUND ( 'NONE', #3036, .T. ) ;
#230 = ORIENTED_EDGE ( 'NONE', *, *, #2730, .F. ) ;
#231 = FACE_OUTER_BOUND ( 'NONE', #2418, .T. ) ;
#232 = CARTESIAN_POINT ( 'NONE',  ( -9.999999999999838352, 6.000000000000000000, 22.37050807568887478 ) ) ;
#233 = ORIENTED_EDGE ( 'NONE', *, *, #1301, .F. ) ;
#234 = LINE ( 'NONE', #15, #339 ) ;
#235 = CARTESIAN_POINT ( 'NONE',  ( -14.27959262428349163, 14.34748347744189623, -5.282979936644783159 ) ) ;
#236 = DIRECTION ( 'NONE',  ( 0.000000000000000000, 0.000000000000000000, -1.000000000000000000 ) ) ;
#237 = ADVANCED_FACE ( 'NONE', ( #1901, #1665 ), #1409, .T. ) ;
#238 = DIRECTION ( 'NONE',  ( -0.000000000000000000, -1.000000000000000000, -0.000000000000000000 ) ) ;
#239 = ORIENTED_EDGE ( 'NONE', *, *, #726, .F. ) ;
#240 = EDGE_CURVE ( 'NONE', #2, #2924, #1584, .T. ) ;
#241 = EDGE_CURVE ( 'NONE', #787, #1856, #3077, .T. ) ;
#242 = CARTESIAN_POINT ( 'NONE',  ( -11.21832740221003988, 14.86573248392963897, -9.958214264545416583 ) ) ;
#243 = FACE_OUTER_BOUND ( 'NONE', #3289, .T. ) ;
#244 = ORIENTED_EDGE ( 'NONE', *, *, #2252, .T. ) ;
#245 = CARTESIAN_POINT ( 'NONE',  ( 11.87326303086054757, 10.00000000000000000, -9.725000000000008527 ) ) ;
#246 = CARTESIAN_POINT ( 'NONE',  ( -2.999999999999999556, 0.000000000000000000, -5.196152422706632912 ) ) ;
#247 = VERTEX_POINT ( 'NONE', #1860 ) ;
#248 = DIRECTION ( 'NONE',  ( 0.000000000000000000, 0.000000000000000000, 1.000000000000000000 ) ) ;
#249 = AXIS2_PLACEMENT_3D ( 'NONE', #1931, #1749, #2987 ) ;
#250 = DIRECTION ( 'NONE',  ( -0.000000000000000000, 1.000000000000000000, -0.000000000000000000 ) ) ;
#251 = VECTOR ( 'NONE', #204, 1000.000000000000000 ) ;
#252 = ORIENTED_EDGE ( 'NONE', *, *, #602, .T. ) ;
#253 = LINE ( 'NONE', #2574, #3145 ) ;
#254 = CARTESIAN_POINT ( 'NONE',  ( 11.21922027397287991, 14.86435677681000911, -9.957225798224385471 ) ) ;
#255 = AXIS2_PLACEMENT_3D ( 'NONE', #1838, #216, #1321 ) ;
#256 = DIRECTION ( 'NONE',  ( 1.000000000000000000, 0.000000000000000000, -0.000000000000000000 ) ) ;
#257 = CIRCLE ( 'NONE', #3005, 1.000000000000000888 ) ;
#258 = DIRECTION ( 'NONE',  ( 0.000000000000000000, 0.000000000000000000, -1.000000000000000000 ) ) ;
#259 = ORIENTED_EDGE ( 'NONE', *, *, #1774, .T. ) ;
#260 = AXIS2_PLACEMENT_3D ( 'NONE', #2967, #2456, #2984 ) ;
#261 = ADVANCED_FACE ( 'NONE', ( #773 ), #2058, .T. ) ;
#262 = PLANE ( 'NONE',  #3329 ) ;
#263 = ORIENTED_EDGE ( 'NONE', *, *, #3048, .F. ) ;
#264 = CARTESIAN_POINT ( 'NONE',  ( 9.999999999999914735, 6.000000000000000000, -12.27050807568898172 ) ) ;
#265 = ADVANCED_FACE ( 'NONE', ( #3355 ), #1824, .T. ) ;
#266 = EDGE_CURVE ( 'NONE', #1383, #645, #351, .T. ) ;
#267 = DIRECTION ( 'NONE',  ( 0.000000000000000000, 0.000000000000000000, 1.000000000000000000 ) ) ;
#268 = CARTESIAN_POINT ( 'NONE',  ( -3.142022756397953476, 10.00000000000000000, 14.66723194738112035 ) ) ;
#269 = ORIENTED_EDGE ( 'NONE', *, *, #709, .F. ) ;
#270 = DIRECTION ( 'NONE',  ( -0.000000000000000000, 1.000000000000000000, -0.000000000000000000 ) ) ;
#271 = DIRECTION ( 'NONE',  ( 0.000000000000000000, 0.000000000000000000, 1.000000000000000000 ) ) ;
#272 = VERTEX_POINT ( 'NONE', #808 ) ;
#273 = LINE ( 'NONE', #2344, #2112 ) ;
#274 = DIRECTION ( 'NONE',  ( 1.000000000000000000, 0.000000000000000000, -0.000000000000000000 ) ) ;
#275 = DIRECTION ( 'NONE',  ( 0.000000000000000000, 0.000000000000000000, 1.000000000000000000 ) ) ;
#276 = CARTESIAN_POINT ( 'NONE',  ( 6.000000000000000000, 10.00000000000000000, 0.000000000000000000 ) ) ;
#277 = ORIENTED_EDGE ( 'NONE', *, *, #34, .F. ) ;
#278 = VECTOR ( 'NONE', #2506, 1000.000000000000000 ) ;
#279 = DIRECTION ( 'NONE',  ( 0.000000000000000000, -1.000000000000000000, 0.000000000000000000 ) ) ;
#280 = AXIS2_PLACEMENT_3D ( 'NONE', #1992, #1172, #3011 ) ;
#281 = LINE ( 'NONE', #3120, #3130 ) ;
#282 = CARTESIAN_POINT ( 'NONE',  ( -20.00000000000000000, 6.000000000000000000, 3.050000000000354206 ) ) ;
#283 = CIRCLE ( 'NONE', #1966, 16.00000000000000000 ) ;
#284 = EDGE_CURVE ( 'NONE', #2330, #2125, #187, .T. ) ;
#285 = DIRECTION ( 'NONE',  ( 0.000000000000000000, 0.000000000000000000, 1.000000000000000000 ) ) ;
#286 = CC_DESIGN_DATE_AND_TIME_ASSIGNMENT ( #3044, #2011, ( #81 ) ) ;
#287 = DIRECTION ( 'NONE',  ( 0.000000000000000000, -1.000000000000000000, 0.000000000000000000 ) ) ;
#288 = ORIENTED_EDGE ( 'NONE', *, *, #3116, .T. ) ;
#289 = DIRECTION ( 'NONE',  ( -0.000000000000000000, -1.000000000000000000, 0.000000000000000000 ) ) ;
#290 = EDGE_CURVE ( 'NONE', #617, #972, #1267, .T. ) ;
#291 = CARTESIAN_POINT ( 'NONE',  ( 14.62835689755149282, 14.02008613451835828, -5.887057377809830072 ) ) ;
#292 = DIRECTION ( 'NONE',  ( -0.4999999999999997224, 0.000000000000000000, 0.8660254037844388186 ) ) ;
#293 = ORIENTED_EDGE ( 'NONE', *, *, #2624, .F. ) ;
#294 = CARTESIAN_POINT ( 'NONE',  ( -3.146558967083446845, 6.500000000000000888, 14.00000000000001243 ) ) ;
#295 = ORIENTED_EDGE ( 'NONE', *, *, #1651, .T. ) ;
#296 = CARTESIAN_POINT ( 'NONE',  ( -13.69763513652387843, 6.500000000000000888, -4.274999999999998579 ) ) ;
#297 = CARTESIAN_POINT ( 'NONE',  ( -10.00000000000008527, 6.000000000000000000, -22.37050807568872557 ) ) ;
#298 = DIRECTION ( 'NONE',  ( 0.000000000000000000, 0.000000000000000000, -1.000000000000000000 ) ) ;
#299 = ORIENTED_EDGE ( 'NONE', *, *, #1153, .F. ) ;
#300 = CARTESIAN_POINT ( 'NONE',  ( 3.000000000000000000, 9.000000000000000000, 5.196152422706633800 ) ) ;
#301 = CARTESIAN_POINT ( 'NONE',  ( -1.573279483541717427, 14.00000000000000000, 16.72500000000000497 ) ) ;
#302 = CARTESIAN_POINT ( 'NONE',  ( 0.000000000000000000, 10.00000000000000000, 0.000000000000000000 ) ) ;
#303 = VECTOR ( 'NONE', #867, 1000.000000000000114 ) ;
#304 = DIRECTION ( 'NONE',  ( 0.000000000000000000, 1.000000000000000000, -0.000000000000000000 ) ) ;
#305 = EDGE_CURVE ( 'NONE', #1404, #741, #2305, .T. ) ;
#306 = ADVANCED_FACE ( 'NONE', ( #3315 ), #570, .T. ) ;
#307 = CIRCLE ( 'NONE', #2044, 30.00000000000000000 ) ;
#308 = ORIENTED_EDGE ( 'NONE', *, *, #2877, .T. ) ;
#309 = VECTOR ( 'NONE', #2289, 1000.000000000000000 ) ;
#310 = EDGE_LOOP ( 'NONE', ( #3217, #3162, #195, #543 ) ) ;
#311 = LINE ( 'NONE', #1591, #463 ) ;
#312 = AXIS2_PLACEMENT_3D ( 'NONE', #2606, #1538, #2106 ) ;
#313 = DIRECTION ( 'NONE',  ( 0.000000000000000000, 1.000000000000000000, -0.000000000000000000 ) ) ;
#314 = DIRECTION ( 'NONE',  ( -0.4999999999999998890, 0.000000000000000000, 0.8660254037844387076 ) ) ;
#315 = ORIENTED_EDGE ( 'NONE', *, *, #954, .F. ) ;
#316 = CARTESIAN_POINT ( 'NONE',  ( 3.000000000000000000, 9.000000000000000000, 5.196152422706633800 ) ) ;
#317 = PLANE ( 'NONE',  #3236 ) ;
#318 = ORIENTED_EDGE ( 'NONE', *, *, #1896, .T. ) ;
#319 = VECTOR ( 'NONE', #650, 1000.000000000000000 ) ;
#320 = EDGE_CURVE ( 'NONE', #2924, #679, #2852, .T. ) ;
#321 = AXIS2_PLACEMENT_3D ( 'NONE', #2176, #638, #2447 ) ;
#322 = EDGE_CURVE ( 'NONE', #1030, #2513, #2954, .T. ) ;
#323 = ORIENTED_EDGE ( 'NONE', *, *, #92, .F. ) ;
#324 = ADVANCED_FACE ( 'NONE', ( #1006 ), #555, .F. ) ;
#325 = ORIENTED_EDGE ( 'NONE', *, *, #32, .T. ) ;
#326 = DIRECTION ( 'NONE',  ( 0.000000000000000000, 1.000000000000000000, -0.000000000000000000 ) ) ;
#327 = VECTOR ( 'NONE', #766, 1000.000000000000000 ) ;
#328 = AXIS2_PLACEMENT_3D ( 'NONE', #1769, #482, #1511 ) ;
#329 = ORIENTED_EDGE ( 'NONE', *, *, #2673, .F. ) ;
#330 = DIRECTION ( 'NONE',  ( 0.000000000000000000, 1.000000000000000000, 0.000000000000000000 ) ) ;
#331 = PLANE ( 'NONE',  #1094 ) ;
#332 = ORIENTED_EDGE ( 'NONE', *, *, #2114, .F. ) ;
#333 = VECTOR ( 'NONE', #563, 1000.000000000000000 ) ;
#334 = CARTESIAN_POINT ( 'NONE',  ( 0.000000000000000000, 24.00000000000000000, 15.00000000000000000 ) ) ;
#335 = AXIS2_PLACEMENT_3D ( 'NONE', #1318, #3325, #1592 ) ;
#336 = CYLINDRICAL_SURFACE ( 'NONE', #717, 15.00000000000000000 ) ;
#337 = LINE ( 'NONE', #354, #2157 ) ;
#338 = EDGE_LOOP ( 'NONE', ( #432, #142 ) ) ;
#339 = VECTOR ( 'NONE', #2819, 1000.000000000000000 ) ;
#340 = VERTEX_POINT ( 'NONE', #2325 ) ;
#341 = EDGE_CURVE ( 'NONE', #1887, #1725, #2576, .T. ) ;
#342 = AXIS2_PLACEMENT_3D ( 'NONE', #1005, #1823, #2542 ) ;
#343 = ORIENTED_EDGE ( 'NONE', *, *, #1759, .F. ) ;
#344 = CARTESIAN_POINT ( 'NONE',  ( -12.70528925290565958, 14.00000000000000000, -9.724999999999997868 ) ) ;
#345 = EDGE_CURVE ( 'NONE', #2404, #471, #2540, .T. ) ;
#346 = EDGE_CURVE ( 'NONE', #698, #1843, #980, .T. ) ;
#347 = EDGE_LOOP ( 'NONE', ( #1708, #2095, #1380, #2156, #1227 ) ) ;
#348 = DIRECTION ( 'NONE',  ( 0.000000000000000000, -1.000000000000000000, 0.000000000000000000 ) ) ;
#349 = CARTESIAN_POINT ( 'NONE',  ( -10.00000000000008527, 24.00000000000000000, -20.37050807568872912 ) ) ;
#350 = ORIENTED_EDGE ( 'NONE', *, *, #2605, .F. ) ;
#351 = B_SPLINE_CURVE_WITH_KNOTS ( 'NONE', 3,
 ( #2357, #33, #1073, #2873, #235, #1806 ),
 .UNSPECIFIED., .F., .F.,
 ( 4, 2, 4 ),
 ( -6.324562724286405838E-06, 0.0005600969936650237969, 0.001126518550054333859 ),
 .UNSPECIFIED. ) ;
#352 = CARTESIAN_POINT ( 'NONE',  ( -8.000000000000000000, 10.00000000000000000, -26.83281572999747056 ) ) ;
#353 = FACE_BOUND ( 'NONE', #1780, .T. ) ;
#354 = CARTESIAN_POINT ( 'NONE',  ( 0.000000000000000000, 0.000000000000000000, -5.196152422706632912 ) ) ;
#355 = AXIS2_PLACEMENT_3D ( 'NONE', #1396, #103, #1141 ) ;
#356 = ORIENTED_EDGE ( 'NONE', *, *, #2798, .F. ) ;
#357 = VECTOR ( 'NONE', #1424, 1000.000000000000000 ) ;
#358 = FACE_OUTER_BOUND ( 'NONE', #191, .T. ) ;
#359 = FACE_OUTER_BOUND ( 'NONE', #732, .T. ) ;
#360 = DIRECTION ( 'NONE',  ( 0.000000000000000000, 0.000000000000000000, 1.000000000000000000 ) ) ;
#361 = DATE_AND_TIME ( #625, #3161 ) ;
#362 = CIRCLE ( 'NONE', #1664, 5.049999999999998934 ) ;
#363 = VERTEX_POINT ( 'NONE', #1309 ) ;
#364 = PLANE ( 'NONE',  #355 ) ;
#365 = EDGE_CURVE ( 'NONE', #644, #1843, #2170, .T. ) ;
#366 = EDGE_LOOP ( 'NONE', ( #660, #1389, #1201, #895 ) ) ;
#367 = ORIENTED_EDGE ( 'NONE', *, *, #1546, .T. ) ;
#368 = EDGE_CURVE ( 'NONE', #363, #272, #1847, .T. ) ;
#369 = AXIS2_PLACEMENT_3D ( 'NONE', #922, #2471, #2692 ) ;
#370 = CARTESIAN_POINT ( 'NONE',  ( -10.00000000000008527, 0.000000000000000000, -12.27050807568872948 ) ) ;
#371 = DIRECTION ( 'NONE',  ( 0.8660254037844385966, 0.000000000000000000, 0.5000000000000003331 ) ) ;
#372 = ORIENTED_EDGE ( 'NONE', *, *, #2652, .F. ) ;
#373 = VECTOR ( 'NONE', #735, 1000.000000000000000 ) ;
#374 = AXIS2_PLACEMENT_3D ( 'NONE', #2077, #2801, #498 ) ;
#375 = ORIENTED_EDGE ( 'NONE', *, *, #2817, .T. ) ;
#376 = LINE ( 'NONE', #2161, #552 ) ;
#377 = CARTESIAN_POINT ( 'NONE',  ( 12.12435565298214435, 14.38406204335659666, -6.999999999999997335 ) ) ;
#378 = ORIENTED_EDGE ( 'NONE', *, *, #3135, .F. ) ;
#379 = DIRECTION ( 'NONE',  ( -0.000000000000000000, -1.000000000000000000, -0.000000000000000000 ) ) ;
#380 = EDGE_LOOP ( 'NONE', ( #2337, #2965, #2716, #433 ) ) ;
#381 = ORIENTED_EDGE ( 'NONE', *, *, #3210, .T. ) ;
#382 = EDGE_CURVE ( 'NONE', #2832, #2670, #112, .T. ) ;
#383 = AXIS2_PLACEMENT_3D ( 'NONE', #420, #2705, #1728 ) ;
#384 = LINE ( 'NONE', #1145, #2343 ) ;
#385 = CARTESIAN_POINT ( 'NONE',  ( -20.00000000000000000, 6.000000000000000000, 1.127570259384951496E-13 ) ) ;
#386 = ORIENTED_EDGE ( 'NONE', *, *, #953, .F. ) ;
#387 = CIRCLE ( 'NONE', #2750, 5.049999999999998934 ) ;
#388 = DIRECTION ( 'NONE',  ( 0.000000000000000000, 1.000000000000000000, -0.000000000000000000 ) ) ;
#389 = PLANE ( 'NONE',  #249 ) ;
#390 = ADVANCED_FACE ( 'NONE', ( #2374 ), #3128, .T. ) ;
#391 = AXIS2_PLACEMENT_3D ( 'NONE', #1796, #2828, #801 ) ;
#392 = CARTESIAN_POINT ( 'NONE',  ( 5.361471366135377997E-15, 14.00000000000000000, -9.725000000000015632 ) ) ;
#393 = EDGE_LOOP ( 'NONE', ( #3052, #3107, #459, #3282 ) ) ;
#394 = DIRECTION ( 'NONE',  ( 0.000000000000000000, 0.000000000000000000, -1.000000000000000000 ) ) ;
#395 = CYLINDRICAL_SURFACE ( 'NONE', #1953, 5.049999999999976730 ) ;
#396 = ORIENTED_EDGE ( 'NONE', *, *, #1547, .T. ) ;
#397 = LINE ( 'NONE', #3239, #742 ) ;
#398 = ORIENTED_EDGE ( 'NONE', *, *, #2032, .F. ) ;
#399 = ORIENTED_EDGE ( 'NONE', *, *, #621, .T. ) ;
#400 = CARTESIAN_POINT ( 'NONE',  ( -1.178421084330526417E-15, 6.500000000000000888, -4.275000000000010125 ) ) ;
#401 = FACE_BOUND ( 'NONE', #2302, .T. ) ;
#402 = ORIENTED_EDGE ( 'NONE', *, *, #2673, .T. ) ;
#403 = CARTESIAN_POINT ( 'NONE',  ( 9.999999999999914735, 24.00000000000000000, -17.32050807568882078 ) ) ;
#404 = CARTESIAN_POINT ( 'NONE',  ( -8.000000000000000000, 24.00000000000000000, -26.83281572999747056 ) ) ;
#405 = CARTESIAN_POINT ( 'NONE',  ( -8.977796685898688622, 6.500000000000000888, -6.999999999999997335 ) ) ;
#406 = EDGE_CURVE ( 'NONE', #658, #3206, #211, .T. ) ;
#407 = ORIENTED_EDGE ( 'NONE', *, *, #1916, .T. ) ;
#408 = ADVANCED_FACE ( 'NONE', ( #3143 ), #616, .F. ) ;
#409 = VECTOR ( 'NONE', #2581, 1000.000000000000000 ) ;
#410 = CARTESIAN_POINT ( 'NONE',  ( 0.000000000000000000, 15.00000000000000000, 0.000000000000000000 ) ) ;
#411 = VECTOR ( 'NONE', #3218, 1000.000000000000000 ) ;
#412 = CALENDAR_DATE ( 2025, 22, 11 ) ;
#413 = AXIS2_PLACEMENT_3D ( 'NONE', #1317, #1031, #2616 ) ;
#414 = ORIENTED_EDGE ( 'NONE', *, *, #223, .F. ) ;
#415 = CARTESIAN_POINT ( 'NONE',  ( -10.00000000000007105, 24.00000000000000000, 17.32050807568873196 ) ) ;
#416 = ORIENTED_EDGE ( 'NONE', *, *, #2211, .F. ) ;
#417 = ORIENTED_EDGE ( 'NONE', *, *, #1128, .F. ) ;
#418 = VECTOR ( 'NONE', #2370, 1000.000000000000114 ) ;
#419 = CARTESIAN_POINT ( 'NONE',  ( -8.000000000000000000, 24.00000000000000000, -15.00000000000000178 ) ) ;
#420 = CARTESIAN_POINT ( 'NONE',  ( -12.12435565298214613, 0.000000000000000000, -6.999999999999998224 ) ) ;
#421 = ORIENTED_EDGE ( 'NONE', *, *, #115, .F. ) ;
#422 = CARTESIAN_POINT ( 'NONE',  ( 0.000000000000000000, 10.00000000000000000, -30.00000000000000000 ) ) ;
#423 = CARTESIAN_POINT ( 'NONE',  ( 14.35872856723394086, 6.500000000000000888, -5.420047410539867272 ) ) ;
#424 = CARTESIAN_POINT ( 'NONE',  ( 12.70528925290565070, 14.00000000000000000, -9.725000000000008527 ) ) ;
#425 = ORIENTED_EDGE ( 'NONE', *, *, #322, .T. ) ;
#426 = EDGE_CURVE ( 'NONE', #2850, #2783, #596, .T. ) ;
#427 = ADVANCED_FACE ( 'NONE', ( #63, #2437, #2422, #1358, #1646, #96, #1089 ), #1871, .T. ) ;
#428 = CARTESIAN_POINT ( 'NONE',  ( 7.058823529411761832, 24.00000000000000000, -13.23529411764705976 ) ) ;
#429 = ADVANCED_FACE ( 'NONE', ( #2900 ), #317, .F. ) ;
#430 = ORIENTED_EDGE ( 'NONE', *, *, #930, .F. ) ;
#431 = CYLINDRICAL_SURFACE ( 'NONE', #2717, 3.050000000000045564 ) ;
#432 = ORIENTED_EDGE ( 'NONE', *, *, #2398, .F. ) ;
#433 = ORIENTED_EDGE ( 'NONE', *, *, #849, .F. ) ;
#434 = CARTESIAN_POINT ( 'NONE',  ( -8.422097051803666190, 6.500000000000000888, 4.862500000000010481 ) ) ;
#435 = LINE ( 'NONE', #3018, #501 ) ;
#436 = ORIENTED_EDGE ( 'NONE', *, *, #341, .T. ) ;
#437 = LINE ( 'NONE', #3294, #1666 ) ;
#438 = CIRCLE ( 'NONE', #2277, 15.00000000000000000 ) ;
#439 = DIRECTION ( 'NONE',  ( -1.000000000000000000, 0.000000000000000000, 0.000000000000000000 ) ) ;
#440 = AXIS2_PLACEMENT_3D ( 'NONE', #1879, #2910, #610 ) ;
#441 = CARTESIAN_POINT ( 'NONE',  ( 0.000000000000000000, 24.00000000000000000, 0.000000000000000000 ) ) ;
#442 = ORIENTED_EDGE ( 'NONE', *, *, #1758, .F. ) ;
#443 = VECTOR ( 'NONE', #3186, 1000.000000000000000 ) ;
#444 = DIRECTION ( 'NONE',  ( 0.4999999999999997780, 0.000000000000000000, 0.8660254037844387076 ) ) ;
#445 = EDGE_CURVE ( 'NONE', #2754, #2231, #1621, .T. ) ;
#446 = COORDINATED_UNIVERSAL_TIME_OFFSET ( 8, 0, .AHEAD. ) ;
#447 = ORIENTED_EDGE ( 'NONE', *, *, #2651, .F. ) ;
#448 = DIRECTION ( 'NONE',  ( -0.000000000000000000, 1.000000000000000000, -0.000000000000000000 ) ) ;
#449 = EDGE_LOOP ( 'NONE', ( #777, #982 ) ) ;
#450 = ADVANCED_FACE ( 'NONE', ( #2391 ), #1911, .F. ) ;
#451 = EDGE_CURVE ( 'NONE', #1187, #601, #2740, .T. ) ;
#452 = LINE ( 'NONE', #2517, #2498 ) ;
#453 = CARTESIAN_POINT ( 'NONE',  ( -12.12435565298214613, 6.500000000000000888, -8.549999999999998934 ) ) ;
#454 = ORIENTED_EDGE ( 'NONE', *, *, #2192, .T. ) ;
#455 = CARTESIAN_POINT ( 'NONE',  ( 20.00000000000000355, 0.000000000000000000, 5.049999999999717382 ) ) ;
#456 = CARTESIAN_POINT ( 'NONE',  ( 8.000000000000000000, 24.00000000000000000, -26.83281572999747056 ) ) ;
#457 = ORIENTED_EDGE ( 'NONE', *, *, #3175, .F. ) ;
#458 = CARTESIAN_POINT ( 'NONE',  ( 0.000000000000000000, 24.00000000000000000, 0.000000000000000000 ) ) ;
#459 = ORIENTED_EDGE ( 'NONE', *, *, #622, .F. ) ;
#460 = DIRECTION ( 'NONE',  ( 1.000000000000000000, 0.000000000000000000, 0.000000000000000000 ) ) ;
#461 = COORDINATED_UNIVERSAL_TIME_OFFSET ( 8, 0, .AHEAD. ) ;
#462 = ORIENTED_EDGE ( 'NONE', *, *, #73, .T. ) ;
#464 = FACE_BOUND ( 'NONE', #203, .T. ) ;
#463 = VECTOR ( 'NONE', #1064, 1000.000000000000000 ) ;
#465 = ORIENTED_EDGE ( 'NONE', *, *, #3007, .T. ) ;
#466 = AXIS2_PLACEMENT_3D ( 'NONE', #1793, #2101, #832 ) ;
#467 = EDGE_CURVE ( 'NONE', #2425, #3348, #2662, .T. ) ;
#468 = DIRECTION ( 'NONE',  ( -0.000000000000000000, -1.000000000000000000, -0.000000000000000000 ) ) ;
#469 = EDGE_CURVE ( 'NONE', #1803, #1420, #337, .T. ) ;
#470 = PLANE ( 'NONE',  #1308 ) ;
#471 = VERTEX_POINT ( 'NONE', #1884 ) ;
#472 = CIRCLE ( 'NONE', #694, 5.050000000000000711 ) ;
#473 = DIRECTION ( 'NONE',  ( 0.000000000000000000, 1.000000000000000000, -0.000000000000000000 ) ) ;
#474 = VECTOR ( 'NONE', #2848, 1000.000000000000000 ) ;
#475 = CARTESIAN_POINT ( 'NONE',  ( -20.00000000000000000, 10.00000000000000000, 1.127570259384951496E-13 ) ) ;
#476 = EDGE_CURVE ( 'NONE', #2888, #916, #2634, .T. ) ;
#477 = ORIENTED_EDGE ( 'NONE', *, *, #2901, .F. ) ;
#478 = DIRECTION ( 'NONE',  ( 0.4999999999999998890, 0.000000000000000000, -0.8660254037844387076 ) ) ;
#479 = EDGE_LOOP ( 'NONE', ( #2527, #2637, #2983, #11, #1236, #572, #2591, #2224, #1581, #3327, #430, #1140, #2179, #1048, #2902, #2996, #1069, #325, #1892, #3276 ) ) ;
#480 = CARTESIAN_POINT ( 'NONE',  ( 3.146558967083471270, 10.00000000000000000, 14.00000000000000533 ) ) ;
#481 = CIRCLE ( 'NONE', #312, 15.00000000000000000 ) ;
#482 = DIRECTION ( 'NONE',  ( 0.000000000000000000, 1.000000000000000000, -0.000000000000000000 ) ) ;
#483 = CALENDAR_DATE ( 2025, 22, 11 ) ;
#484 = CARTESIAN_POINT ( 'NONE',  ( -8.422097051803666190, 10.00000000000000000, 4.862500000000010481 ) ) ;
#485 = ORIENTED_EDGE ( 'NONE', *, *, #1783, .T. ) ;
#486 = DIRECTION ( 'NONE',  ( -0.000000000000000000, 1.000000000000000000, -0.000000000000000000 ) ) ;
#487 = ORIENTED_EDGE ( 'NONE', *, *, #2638, .F. ) ;
#488 = AXIS2_PLACEMENT_3D ( 'NONE', #2622, #2899, #2675 ) ;
#489 = DIRECTION ( 'NONE',  ( 0.000000000000000000, -1.000000000000000000, 0.000000000000000000 ) ) ;
#490 = CIRCLE ( 'NONE', #1356, 3.050000000000045564 ) ;
#491 = DIRECTION ( 'NONE',  ( -0.000000000000000000, -1.000000000000000000, -0.000000000000000000 ) ) ;
#492 = DIRECTION ( 'NONE',  ( 0.000000000000000000, 0.000000000000000000, 1.000000000000000000 ) ) ;
#493 = ORIENTED_EDGE ( 'NONE', *, *, #520, .T. ) ;
#494 = CARTESIAN_POINT ( 'NONE',  ( -10.00000000000008527, 24.00000000000000000, -14.27050807568872948 ) ) ;
#495 = DIRECTION ( 'NONE',  ( 0.000000000000000000, 0.000000000000000000, 1.000000000000000000 ) ) ;
#496 = VERTEX_POINT ( 'NONE', #2648 ) ;
#497 = CARTESIAN_POINT ( 'NONE',  ( -1.573279483541717427, 6.500000000000000888, 11.27500000000000568 ) ) ;
#498 = DIRECTION ( 'NONE',  ( 0.000000000000000000, 0.000000000000000000, -1.000000000000000000 ) ) ;
#499 = EDGE_CURVE ( 'NONE', #1887, #2116, #864, .T. ) ;
#500 = B_SPLINE_CURVE_WITH_KNOTS ( 'NONE', 3,
 ( #82, #2160, #829, #2876, #1349, #845 ),
 .UNSPECIFIED., .F., .F.,
 ( 4, 2, 4 ),
 ( -6.324562724285074302E-06, 0.0005600969936650262906, 0.001126518550054337545 ),
 .UNSPECIFIED. ) ;
#501 = VECTOR ( 'NONE', #1999, 1000.000000000000000 ) ;
#502 = DIRECTION ( 'NONE',  ( -0.000000000000000000, -1.000000000000000000, -0.000000000000000000 ) ) ;
#503 = ORIENTED_EDGE ( 'NONE', *, *, #65, .F. ) ;
#504 = AXIS2_PLACEMENT_3D ( 'NONE', #2603, #1319, #2353 ) ;
#505 = PLANE ( 'NONE',  #668 ) ;
#506 = CARTESIAN_POINT ( 'NONE',  ( 0.000000000000000000, 10.00000000000000000, 0.000000000000000000 ) ) ;
#507 = ORIENTED_EDGE ( 'NONE', *, *, #221, .T. ) ;
#508 = DIRECTION ( 'NONE',  ( 0.8660254037844382635, 0.000000000000000000, -0.5000000000000006661 ) ) ;
#509 = DIRECTION ( 'NONE',  ( 0.5000000000000002220, 0.000000000000000000, -0.8660254037844384856 ) ) ;
#510 = LINE ( 'NONE', #2794, #165 ) ;
#511 = ORIENTED_EDGE ( 'NONE', *, *, #2461, .F. ) ;
#512 = PLANE ( 'NONE',  #2897 ) ;
#513 = AXIS2_PLACEMENT_3D ( 'NONE', #2287, #2610, #2076 ) ;
#514 = DIRECTION ( 'NONE',  ( 0.000000000000000000, 1.000000000000000000, -0.000000000000000000 ) ) ;
#515 = ORIENTED_EDGE ( 'NONE', *, *, #1255, .T. ) ;
#516 = CARTESIAN_POINT ( 'NONE',  ( 0.000000000000000000, 0.000000000000000000, 0.000000000000000000 ) ) ;
#517 = DIRECTION ( 'NONE',  ( -0.4999999999999996114, 0.000000000000000000, 0.8660254037844389297 ) ) ;
#518 = DIRECTION ( 'NONE',  ( 0.000000000000000000, -0.000000000000000000, 1.000000000000000000 ) ) ;
#519 = ADVANCED_FACE ( 'NONE', ( #1438 ), #1477, .T. ) ;
#520 = EDGE_CURVE ( 'NONE', #1483, #3258, #437, .T. ) ;
#521 = CARTESIAN_POINT ( 'NONE',  ( 1.898202538678396966E-16, 14.38406204335659666, 15.54999999999999893 ) ) ;
#522 = ADVANCED_FACE ( 'NONE', ( #1184 ), #2266, .T. ) ;
#523 = EDGE_LOOP ( 'NONE', ( #22, #1009 ) ) ;
#524 = DIRECTION ( 'NONE',  ( 1.000000000000000000, -0.000000000000000000, 0.000000000000000000 ) ) ;
#525 = VERTEX_POINT ( 'NONE', #987 ) ;
#526 = FACE_OUTER_BOUND ( 'NONE', #126, .T. ) ;
#527 = VECTOR ( 'NONE', #998, 1000.000000000000000 ) ;
#528 = FACE_OUTER_BOUND ( 'NONE', #2558, .T. ) ;
#529 = CIRCLE ( 'NONE', #2625, 30.00000000000000000 ) ;
#530 = CARTESIAN_POINT ( 'NONE',  ( -14.27320684782973714, 15.00000000000000000, -4.612544447381105250 ) ) ;
#531 = ORIENTED_EDGE ( 'NONE', *, *, #1490, .F. ) ;
#532 = CARTESIAN_POINT ( 'NONE',  ( 3.702258601178478159, 6.500000000000000888, 2.137499999999999289 ) ) ;
#533 = APPROVAL_PERSON_ORGANIZATION ( #2512, #705, #3304 ) ;
#534 = ORIENTED_EDGE ( 'NONE', *, *, #2008, .T. ) ;
#535 = CARTESIAN_POINT ( 'NONE',  ( 0.000000000000000000, 14.00000000000000000, 0.000000000000000000 ) ) ;
#536 = DIRECTION ( 'NONE',  ( 0.000000000000000000, 0.000000000000000000, 1.000000000000000000 ) ) ;
#537 = AXIS2_PLACEMENT_3D ( 'NONE', #1207, #2239, #132 ) ;
#538 = CARTESIAN_POINT ( 'NONE',  ( -20.00000000000000000, 6.000000000000000000, 1.127570259384951496E-13 ) ) ;
#539 = EDGE_LOOP ( 'NONE', ( #3065, #1723 ) ) ;
#540 = ADVANCED_FACE ( 'NONE', ( #2726 ), #2259, .T. ) ;
#541 = CARTESIAN_POINT ( 'NONE',  ( -11.13118409143177168, 15.00000000000000000, -10.05468750000000000 ) ) ;
#542 = DIRECTION ( 'NONE',  ( -0.000000000000000000, -1.000000000000000000, -0.000000000000000000 ) ) ;
#543 = ORIENTED_EDGE ( 'NONE', *, *, #2395, .F. ) ;
#544 = CARTESIAN_POINT ( 'NONE',  ( -14.62835689755148749, 14.02008613451836361, -5.887057377809793657 ) ) ;
#545 = CIRCLE ( 'NONE', #2159, 1.000000000000000000 ) ;
#546 = EDGE_CURVE ( 'NONE', #2938, #811, #2732, .T. ) ;
#547 = CYLINDRICAL_SURFACE ( 'NONE', #2871, 5.049999999999998046 ) ;
#548 = DIRECTION ( 'NONE',  ( -0.4999999999999993339, 0.000000000000000000, 0.8660254037844389297 ) ) ;
#549 = ORIENTED_EDGE ( 'NONE', *, *, #1422, .T. ) ;
#550 = FACE_OUTER_BOUND ( 'NONE', #2431, .T. ) ;
#551 = DIRECTION ( 'NONE',  ( 0.000000000000000000, 0.000000000000000000, 1.000000000000000000 ) ) ;
#552 = VECTOR ( 'NONE', #3234, 1000.000000000000000 ) ;
#553 = ORIENTED_EDGE ( 'NONE', *, *, #2839, .T. ) ;
#554 = FACE_OUTER_BOUND ( 'NONE', #1868, .T. ) ;
#555 = PLANE ( 'NONE',  #1299 ) ;
#556 = EDGE_LOOP ( 'NONE', ( #1519, #2181, #1229, #2969, #2423, #2244 ) ) ;
#557 = CIRCLE ( 'NONE', #1631, 3.049999999999998934 ) ;
#558 = CARTESIAN_POINT ( 'NONE',  ( -14.27320684782974070, 10.00000000000000000, -4.612544447381103474 ) ) ;
#559 = AXIS2_PLACEMENT_3D ( 'NONE', #20, #2875, #2890 ) ;
#560 = CARTESIAN_POINT ( 'NONE',  ( -1.178421084330526417E-15, 6.500000000000000888, -4.275000000000010125 ) ) ;
#561 = CARTESIAN_POINT ( 'NONE',  ( 9.999999999999964473, 6.000000000000000000, 17.32050807568879236 ) ) ;
#562 = VECTOR ( 'NONE', #178, 1000.000000000000000 ) ;
#563 = DIRECTION ( 'NONE',  ( -0.000000000000000000, 1.000000000000000000, -0.000000000000000000 ) ) ;
#564 = DIRECTION ( 'NONE',  ( 0.000000000000000000, 0.000000000000000000, -1.000000000000000000 ) ) ;
#565 = ORIENTED_EDGE ( 'NONE', *, *, #2153, .F. ) ;
#566 = EDGE_CURVE ( 'NONE', #496, #2513, #183, .T. ) ;
#567 = DIRECTION ( 'NONE',  ( 0.8660254037844388186, -0.000000000000000000, 0.4999999999999997224 ) ) ;
#568 = CARTESIAN_POINT ( 'NONE',  ( -1.573279483541717427, 6.500000000000000888, 11.27500000000000568 ) ) ;
#569 = ORIENTED_EDGE ( 'NONE', *, *, #1935, .T. ) ;
#570 = CYLINDRICAL_SURFACE ( 'NONE', #2004, 5.999999999999998224 ) ;
#571 = ORIENTED_EDGE ( 'NONE', *, *, #2071, .T. ) ;
#572 = ORIENTED_EDGE ( 'NONE', *, *, #136, .T. ) ;
#573 = VERTEX_POINT ( 'NONE', #197 ) ;
#574 = CARTESIAN_POINT ( 'NONE',  ( -3.702258601178476383, 6.500000000000000888, 2.137500000000004619 ) ) ;
#575 = CARTESIAN_POINT ( 'NONE',  ( -7.058823529411764497, 24.00000000000000000, -13.23529411764705799 ) ) ;
#576 = DIRECTION ( 'NONE',  ( 0.000000000000000000, -1.000000000000000000, 0.000000000000000000 ) ) ;
#577 = CARTESIAN_POINT ( 'NONE',  ( -14.72499999999998366, 24.00000000000000000, 2.859086392538794819 ) ) ;
#578 = VERTEX_POINT ( 'NONE', #455 ) ;
#579 = EDGE_CURVE ( 'NONE', #1213, #1951, #3284, .T. ) ;
#580 = EDGE_CURVE ( 'NONE', #698, #876, #1288, .T. ) ;
#581 = DIRECTION ( 'NONE',  ( 0.000000000000000000, -1.000000000000000000, 0.000000000000000000 ) ) ;
#582 = CIRCLE ( 'NONE', #3270, 3.050000000000000711 ) ;
#583 = DIRECTION ( 'NONE',  ( 0.000000000000000000, 1.000000000000000000, -0.000000000000000000 ) ) ;
#584 = ORIENTED_EDGE ( 'NONE', *, *, #1379, .F. ) ;
#585 = AXIS2_PLACEMENT_3D ( 'NONE', #475, #3351, #495 ) ;
#586 = ADVANCED_FACE ( 'NONE', ( #2744 ), #2707, .T. ) ;
#587 = EDGE_LOOP ( 'NONE', ( #3159, #806, #1370, #2190 ) ) ;
#588 = CARTESIAN_POINT ( 'NONE',  ( 15.22475397101838190, 10.00000000000000000, -4.920047410539863719 ) ) ;
#589 = ORIENTED_EDGE ( 'NONE', *, *, #1485, .F. ) ;
#590 = DIRECTION ( 'NONE',  ( 0.000000000000000000, 0.000000000000000000, -1.000000000000000000 ) ) ;
#591 = CARTESIAN_POINT ( 'NONE',  ( 0.000000000000000000, 14.00000000000000000, 0.000000000000000000 ) ) ;
#592 = FACE_OUTER_BOUND ( 'NONE', #1333, .T. ) ;
#593 = ORIENTED_EDGE ( 'NONE', *, *, #476, .T. ) ;
#594 = LINE ( 'NONE', #1625, #2075 ) ;
#595 = DIRECTION ( 'NONE',  ( 0.000000000000000000, 0.000000000000000000, -1.000000000000000000 ) ) ;
#596 = LINE ( 'NONE', #3157, #319 ) ;
#597 = EDGE_CURVE ( 'NONE', #2719, #3245, #130, .T. ) ;
#598 = EDGE_LOOP ( 'NONE', ( #2475, #2997, #2795, #2567 ) ) ;
#599 = VECTOR ( 'NONE', #2187, 1000.000000000000000 ) ;
#600 = EDGE_CURVE ( 'NONE', #3206, #658, #2424, .T. ) ;
#601 = VERTEX_POINT ( 'NONE', #164 ) ;
#602 = EDGE_CURVE ( 'NONE', #2425, #2633, #684, .T. ) ;
#603 = CARTESIAN_POINT ( 'NONE',  ( 8.000000000000000000, 10.00000000000000000, -28.83281572999747056 ) ) ;
#604 = CARTESIAN_POINT ( 'NONE',  ( -10.55107616944041737, 10.00000000000000000, -4.274999999999997691 ) ) ;
#605 = AXIS2_PLACEMENT_3D ( 'NONE', #2635, #2389, #62 ) ;
#606 = DATE_AND_TIME ( #2906, #2580 ) ;
#607 = VECTOR ( 'NONE', #1100, 1000.000000000000000 ) ;
#608 = ORIENTED_EDGE ( 'NONE', *, *, #2172, .F. ) ;
#609 = CARTESIAN_POINT ( 'NONE',  ( 6.000000000000000000, 10.00000000000000000, 0.000000000000000000 ) ) ;
#610 = DIRECTION ( 'NONE',  ( 0.000000000000000000, 0.000000000000000000, 1.000000000000000000 ) ) ;
#611 = VERTEX_POINT ( 'NONE', #941 ) ;
#612 = AXIS2_PLACEMENT_3D ( 'NONE', #3034, #1502, #1215 ) ;
#613 = DIRECTION ( 'NONE',  ( 0.5000000000000003331, 0.000000000000000000, 0.8660254037844383745 ) ) ;
#614 = AXIS2_PLACEMENT_3D ( 'NONE', #659, #1944, #2164 ) ;
#615 = DIRECTION ( 'NONE',  ( -0.000000000000000000, 1.000000000000000000, -0.000000000000000000 ) ) ;
#616 = PLANE ( 'NONE',  #2486 ) ;
#617 = VERTEX_POINT ( 'NONE', #1971 ) ;
#618 = EDGE_CURVE ( 'NONE', #2138, #2369, #3264, .T. ) ;
#619 = B_SPLINE_CURVE_WITH_KNOTS ( 'NONE', 3,
 ( #2844, #23, #544, #1602, #1329, #1297 ),
 .UNSPECIFIED., .F., .F.,
 ( 4, 2, 4 ),
 ( 2.453269466693398698E-18, 0.0004383268479649492927, 0.0008766536959298962001 ),
 .UNSPECIFIED. ) ;
#620 = B_SPLINE_CURVE_WITH_KNOTS ( 'NONE', 3,
 ( #1046, #207, #2841, #2858, #242, #541 ),
 .UNSPECIFIED., .F., .F.,
 ( 4, 2, 4 ),
 ( 1.876390332415650686E-17, 0.0005606768523658277369, 0.001121353704731636826 ),
 .UNSPECIFIED. ) ;
#621 = EDGE_CURVE ( 'NONE', #3258, #1195, #958, .T. ) ;
#622 = EDGE_CURVE ( 'NONE', #916, #2888, #1615, .T. ) ;
#623 = DIRECTION ( 'NONE',  ( 0.000000000000000000, -1.000000000000000000, 0.000000000000000000 ) ) ;
#624 = CARTESIAN_POINT ( 'NONE',  ( 20.00000000000000355, 6.000000000000000000, 5.049999999999717382 ) ) ;
#625 = CALENDAR_DATE ( 2025, 22, 11 ) ;
#626 = EDGE_LOOP ( 'NONE', ( #844, #770, #159, #1840, #3045, #2979 ) ) ;
#627 = DIRECTION ( 'NONE',  ( 0.000000000000000000, 0.000000000000000000, 1.000000000000000000 ) ) ;
#628 = EDGE_LOOP ( 'NONE', ( #697, #593 ) ) ;
#629 = ORIENTED_EDGE ( 'NONE', *, *, #37, .T. ) ;
#630 = LINE ( 'NONE', #1658, #116 ) ;
#631 = CARTESIAN_POINT ( 'NONE',  ( 10.55107616944041027, 10.00000000000000000, -9.725000000000010303 ) ) ;
#632 = DIRECTION ( 'NONE',  ( 0.8660254037844387076, 0.000000000000000000, -0.4999999999999998890 ) ) ;
#633 = VERTEX_POINT ( 'NONE', #422 ) ;
#634 = AXIS2_PLACEMENT_3D ( 'NONE', #561, #2879, #3134 ) ;
#635 = ORIENTED_EDGE ( 'NONE', *, *, #1322, .T. ) ;
#636 = VECTOR ( 'NONE', #2905, 1000.000000000000000 ) ;
#637 = EDGE_CURVE ( 'NONE', #1472, #3257, #2490, .T. ) ;
#638 = DIRECTION ( 'NONE',  ( 0.000000000000000000, 1.000000000000000000, -0.000000000000000000 ) ) ;
#639 = FACE_OUTER_BOUND ( 'NONE', #978, .T. ) ;
#640 = EDGE_CURVE ( 'NONE', #3101, #997, #2355, .T. ) ;
#641 = AXIS2_PLACEMENT_3D ( 'NONE', #1857, #567, #1595 ) ;
#642 = VERTEX_POINT ( 'NONE', #1284 ) ;
#643 = CARTESIAN_POINT ( 'NONE',  ( -3.000000000000000000, 0.000000000000000000, 5.196152422706632024 ) ) ;
#644 = VERTEX_POINT ( 'NONE', #1248 ) ;
#645 = VERTEX_POINT ( 'NONE', #1579 ) ;
#646 = ADVANCED_FACE ( 'NONE', ( #231 ), #3350, .T. ) ;
#647 = CARTESIAN_POINT ( 'NONE',  ( 8.422097051803675072, 10.00000000000000000, 4.862500000000004263 ) ) ;
#648 = DIRECTION ( 'NONE',  ( 0.000000000000000000, 0.000000000000000000, -1.000000000000000000 ) ) ;
#649 = EDGE_LOOP ( 'NONE', ( #3057, #2907, #3169, #416 ) ) ;
#650 = DIRECTION ( 'NONE',  ( -0.000000000000000000, -1.000000000000000000, -0.000000000000000000 ) ) ;
#651 = LINE ( 'NONE', #703, #858 ) ;
#652 = ORIENTED_EDGE ( 'NONE', *, *, #241, .T. ) ;
#653 = CARTESIAN_POINT ( 'NONE',  ( 0.000000000000000000, 15.00000000000000000, 16.00000000000000000 ) ) ;
#654 = ORIENTED_EDGE ( 'NONE', *, *, #854, .T. ) ;
#655 = AXIS2_PLACEMENT_3D ( 'NONE', #3103, #66, #1063 ) ;
#656 = DIRECTION ( 'NONE',  ( -0.000000000000000000, -1.000000000000000000, -0.000000000000000000 ) ) ;
#657 = CARTESIAN_POINT ( 'NONE',  ( 9.999999999999914735, 6.000000000000000000, -17.32050807568882078 ) ) ;
#658 = VERTEX_POINT ( 'NONE', #2322 ) ;
#659 = CARTESIAN_POINT ( 'NONE',  ( 20.00000000000000355, 24.00000000000000000, 1.734723475976807094E-15 ) ) ;
#660 = ORIENTED_EDGE ( 'NONE', *, *, #640, .T. ) ;
#661 = ORIENTED_EDGE ( 'NONE', *, *, #2770, .T. ) ;
#662 = CIRCLE ( 'NONE', #3081, 2.000000000000000000 ) ;
#663 = ADVANCED_FACE ( 'NONE', ( #550 ), #512, .F. ) ;
#664 = CARTESIAN_POINT ( 'NONE',  ( 9.999999999999914735, 6.000000000000000000, -17.32050807568882078 ) ) ;
#665 = ADVANCED_FACE ( 'NONE', ( #1799 ), #1263, .T. ) ;
#666 = CARTESIAN_POINT ( 'NONE',  ( -10.00000000000008527, 0.000000000000000000, -22.37050807568872557 ) ) ;
#667 = ORIENTED_EDGE ( 'NONE', *, *, #2317, .F. ) ;
#668 = AXIS2_PLACEMENT_3D ( 'NONE', #2097, #1531, #1814 ) ;
#669 = DIRECTION ( 'NONE',  ( 0.5000000000000008882, 0.000000000000000000, 0.8660254037844381525 ) ) ;
#670 = CARTESIAN_POINT ( 'NONE',  ( -1.573279483541717427, 6.500000000000000888, 16.72500000000000497 ) ) ;
#671 = AXIS2_PLACEMENT_3D ( 'NONE', #870, #1435, #1925 ) ;
#672 = CARTESIAN_POINT ( 'NONE',  ( 12.12435565298214435, 14.38406204335659666, -6.999999999999997335 ) ) ;
#673 = ORIENTED_EDGE ( 'NONE', *, *, #1873, .T. ) ;
#674 = LINE ( 'NONE', #2714, #2390 ) ;
#675 = DIRECTION ( 'NONE',  ( 0.000000000000000000, 0.000000000000000000, 1.000000000000000000 ) ) ;
#676 = DATE_AND_TIME ( #483, #3060 ) ;
#677 = ORIENTED_EDGE ( 'NONE', *, *, #1614, .F. ) ;
#678 = DIRECTION ( 'NONE',  ( 0.000000000000000000, 1.000000000000000000, -0.000000000000000000 ) ) ;
#679 = VERTEX_POINT ( 'NONE', #3108 ) ;
#680 = ORIENTED_EDGE ( 'NONE', *, *, #2936, .F. ) ;
#681 = DIRECTION ( 'NONE',  ( -0.8660254037844385966, 0.000000000000000000, 0.5000000000000001110 ) ) ;
#682 = CYLINDRICAL_SURFACE ( 'NONE', #1041, 5.049999999999976730 ) ;
#683 = VERTEX_POINT ( 'NONE', #3053 ) ;
#684 = LINE ( 'NONE', #3246, #41 ) ;
#685 = EDGE_CURVE ( 'NONE', #2771, #843, #1505, .T. ) ;
#686 = LINE ( 'NONE', #1492, #1446 ) ;
#687 = DIRECTION ( 'NONE',  ( 0.000000000000000000, -1.000000000000000000, 0.000000000000000000 ) ) ;
#688 = ORIENTED_EDGE ( 'NONE', *, *, #724, .T. ) ;
#689 = EDGE_CURVE ( 'NONE', #14, #1827, #2210, .T. ) ;
#690 = VECTOR ( 'NONE', #2450, 1000.000000000000000 ) ;
#691 = PLANE ( 'NONE',  #2496 ) ;
#692 = CARTESIAN_POINT ( 'NONE',  ( -2.485465536373379969, 10.00000000000000000, 15.14504741053986159 ) ) ;
#693 = AXIS2_PLACEMENT_3D ( 'NONE', #3207, #974, #902 ) ;
#694 = AXIS2_PLACEMENT_3D ( 'NONE', #1268, #1310, #236 ) ;
#695 = ORIENTED_EDGE ( 'NONE', *, *, #3029, .T. ) ;
#696 = CARTESIAN_POINT ( 'NONE',  ( -2.999999999999999556, 24.00000000000000000, -5.196152422706632912 ) ) ;
#697 = ORIENTED_EDGE ( 'NONE', *, *, #622, .T. ) ;
#698 = VERTEX_POINT ( 'NONE', #3328 ) ;
#699 = CYLINDRICAL_SURFACE ( 'NONE', #3087, 5.049999999999839062 ) ;
#700 = DIRECTION ( 'NONE',  ( 0.000000000000000000, 0.000000000000000000, 1.000000000000000000 ) ) ;
#701 = ORIENTED_EDGE ( 'NONE', *, *, #1466, .T. ) ;
#702 = CARTESIAN_POINT ( 'NONE',  ( -9.999999999999866773, 10.00000000000000000, 17.32050807568885631 ) ) ;
#703 = CARTESIAN_POINT ( 'NONE',  ( 9.764436427669549445, 10.00000000000000000, -5.637500000000006395 ) ) ;
#704 = CARTESIAN_POINT ( 'NONE',  ( -20.00000000000000000, 6.000000000000000000, -3.050000000000128608 ) ) ;
#705 = APPROVAL ( #1175, 'æœª' ) ;
#706 = ORIENTED_EDGE ( 'NONE', *, *, #2413, .T. ) ;
#707 = EDGE_CURVE ( 'NONE', #1784, #2271, #481, .T. ) ;
#708 = CARTESIAN_POINT ( 'NONE',  ( 4.500000000000000000, 0.000000000000000000, -2.598076211353316456 ) ) ;
#709 = EDGE_CURVE ( 'NONE', #755, #2731, #1781, .T. ) ;
#710 = ORIENTED_EDGE ( 'NONE', *, *, #2096, .F. ) ;
#711 = CARTESIAN_POINT ( 'NONE',  ( 11.13118409143176457, 10.00000000000000000, -10.05468750000000888 ) ) ;
#712 = ORIENTED_EDGE ( 'NONE', *, *, #1738, .T. ) ;
#713 = DIRECTION ( 'NONE',  ( 0.5000000000000008882, 0.000000000000000000, 0.8660254037844381525 ) ) ;
#714 = DIRECTION ( 'NONE',  ( 0.000000000000000000, 0.000000000000000000, -1.000000000000000000 ) ) ;
#715 = ORIENTED_EDGE ( 'NONE', *, *, #579, .T. ) ;
#716 = DIRECTION ( 'NONE',  ( 0.000000000000000000, 1.000000000000000000, -0.000000000000000000 ) ) ;
#717 = AXIS2_PLACEMENT_3D ( 'NONE', #302, #3126, #1339 ) ;
#718 = LINE ( 'NONE', #1699, #357 ) ;
#719 = CIRCLE ( 'NONE', #1961, 5.049999999999998934 ) ;
#720 = DIRECTION ( 'NONE',  ( -0.000000000000000000, -1.000000000000000000, -0.000000000000000000 ) ) ;
#721 = ORIENTED_EDGE ( 'NONE', *, *, #2192, .F. ) ;
#722 = VECTOR ( 'NONE', #1385, 1000.000000000000000 ) ;
#723 = CARTESIAN_POINT ( 'NONE',  ( -12.12435565298214613, 14.38406204335659666, -6.999999999999998224 ) ) ;
#724 = EDGE_CURVE ( 'NONE', #3245, #969, #2789, .T. ) ;
#725 = EDGE_CURVE ( 'NONE', #1455, #611, #1506, .T. ) ;
#726 = EDGE_CURVE ( 'NONE', #1416, #26, #2371, .T. ) ;
#727 = PLANE ( 'NONE',  #3139 ) ;
#728 = EDGE_LOOP ( 'NONE', ( #2940, #2149, #945, #1218 ) ) ;
#729 = VERTEX_POINT ( 'NONE', #2069 ) ;
#730 = FACE_OUTER_BOUND ( 'NONE', #3110, .T. ) ;
#731 = LINE ( 'NONE', #1797, #1470 ) ;
#732 = EDGE_LOOP ( 'NONE', ( #323, #177, #884, #1912 ) ) ;
#733 = CARTESIAN_POINT ( 'NONE',  ( -11.87326303086055823, 6.500000000000000888, -9.724999999999997868 ) ) ;
#734 = ORIENTED_EDGE ( 'NONE', *, *, #1885, .T. ) ;
#735 = DIRECTION ( 'NONE',  ( -0.000000000000000000, 1.000000000000000000, -0.000000000000000000 ) ) ;
#736 = EDGE_LOOP ( 'NONE', ( #1486, #1601, #169, #1945 ) ) ;
#737 = PLANE ( 'NONE',  #2365 ) ;
#738 = DIRECTION ( 'NONE',  ( -0.000000000000000000, -1.000000000000000000, -0.000000000000000000 ) ) ;
#739 = APPROVAL_ROLE ( '' ) ;
#740 = AXIS2_PLACEMENT_3D ( 'NONE', #1324, #1025, #3111 ) ;
#741 = VERTEX_POINT ( 'NONE', #2537 ) ;
#743 = CARTESIAN_POINT ( 'NONE',  ( 9.999999999999914735, 6.000000000000000000, -12.27050807568898172 ) ) ;
#742 = VECTOR ( 'NONE', #3307, 1000.000000000000000 ) ;
#744 = EDGE_CURVE ( 'NONE', #174, #1413, #1782, .T. ) ;
#745 = VERTEX_POINT ( 'NONE', #3092 ) ;
#746 = EDGE_CURVE ( 'NONE', #2847, #2944, #2150, .T. ) ;
#747 = CIRCLE ( 'NONE', #2628, 15.00000000000000000 ) ;
#748 = ADVANCED_FACE ( 'NONE', ( #1821 ), #2831, .F. ) ;
#749 = CARTESIAN_POINT ( 'NONE',  ( 0.000000000000000000, 14.00000000000000000, 0.000000000000000000 ) ) ;
#750 = CYLINDRICAL_SURFACE ( 'NONE', #931, 1.999999999999998224 ) ;
#751 = EDGE_LOOP ( 'NONE', ( #1397, #1242 ) ) ;
#752 = VECTOR ( 'NONE', #2300, 1000.000000000000000 ) ;
#753 = EDGE_CURVE ( 'NONE', #1313, #2120, #12, .T. ) ;
#754 = CARTESIAN_POINT ( 'NONE',  ( 8.000000000000000000, 10.00000000000000000, -26.83281572999747056 ) ) ;
#755 = VERTEX_POINT ( 'NONE', #2620 ) ;
#756 = DIRECTION ( 'NONE',  ( -0.000000000000000000, -1.000000000000000000, -0.000000000000000000 ) ) ;
#757 = CARTESIAN_POINT ( 'NONE',  ( 11.71499114495963845, 14.34748347744189800, -9.725000000000008527 ) ) ;
#758 = DIRECTION ( 'NONE',  ( -0.000000000000000000, 1.000000000000000000, -0.000000000000000000 ) ) ;
#759 = VERTEX_POINT ( 'NONE', #2869 ) ;
#760 = CARTESIAN_POINT ( 'NONE',  ( -9.999999999999838352, 6.000000000000000000, 17.32050807568887407 ) ) ;
#761 = ORIENTED_EDGE ( 'NONE', *, *, #1947, .T. ) ;
#762 = DIRECTION ( 'NONE',  ( -0.000000000000000000, -1.000000000000000000, -0.000000000000000000 ) ) ;
#763 = AXIS2_PLACEMENT_3D ( 'NONE', #846, #1918, #153 ) ;
#764 = CIRCLE ( 'NONE', #2685, 5.050000000000000711 ) ;
#765 = CARTESIAN_POINT ( 'NONE',  ( 3.702258601178482156, 10.00000000000000000, 2.137500000000000622 ) ) ;
#766 = DIRECTION ( 'NONE',  ( -0.000000000000000000, 1.000000000000000000, -0.000000000000000000 ) ) ;
#767 = ORIENTED_EDGE ( 'NONE', *, *, #1853, .F. ) ;
#768 = CARTESIAN_POINT ( 'NONE',  ( 0.000000000000000000, 10.00000000000000000, 11.27500000000000568 ) ) ;
#769 = EDGE_CURVE ( 'NONE', #2443, #1159, #1086, .T. ) ;
#770 = ORIENTED_EDGE ( 'NONE', *, *, #618, .T. ) ;
#771 = CARTESIAN_POINT ( 'NONE',  ( -14.35872856723394442, 10.00000000000000000, -5.420047410539846844 ) ) ;
#772 = VECTOR ( 'NONE', #3168, 1000.000000000000114 ) ;
#773 = FACE_OUTER_BOUND ( 'NONE', #2182, .T. ) ;
#774 = DIRECTION ( 'NONE',  ( 0.000000000000000000, 0.000000000000000000, 1.000000000000000000 ) ) ;
#775 = VECTOR ( 'NONE', #758, 1000.000000000000000 ) ;
#776 = DIRECTION ( 'NONE',  ( -0.000000000000000000, 1.000000000000000000, -0.000000000000000000 ) ) ;
#777 = ORIENTED_EDGE ( 'NONE', *, *, #322, .F. ) ;
#778 = VECTOR ( 'NONE', #509, 1000.000000000000114 ) ;
#779 = CIRCLE ( 'NONE', #614, 3.049999999999999822 ) ;
#780 = FACE_OUTER_BOUND ( 'NONE', #2739, .T. ) ;
#781 = CARTESIAN_POINT ( 'NONE',  ( -3.702258601178483488, 10.00000000000000000, 2.137500000000004174 ) ) ;
#782 = ORIENTED_EDGE ( 'NONE', *, *, #2398, .T. ) ;
#783 = DIRECTION ( 'NONE',  ( -0.000000000000000000, -1.000000000000000000, -0.000000000000000000 ) ) ;
#784 = ADVANCED_FACE ( 'NONE', ( #1334 ), #46, .T. ) ;
#785 = CARTESIAN_POINT ( 'NONE',  ( -20.00000000000000000, 0.000000000000000000, 1.127570259384951496E-13 ) ) ;
#786 = CARTESIAN_POINT ( 'NONE',  ( -8.422097051803675072, 6.500000000000000888, 4.862500000000003375 ) ) ;
#787 = VERTEX_POINT ( 'NONE', #3125 ) ;
#788 = CARTESIAN_POINT ( 'NONE',  ( -20.00000000000000000, 24.00000000000000000, 1.127570259384951496E-13 ) ) ;
#789 = LINE ( 'NONE', #232, #752 ) ;
#790 = ORIENTED_EDGE ( 'NONE', *, *, #707, .F. ) ;
#791 = DIRECTION ( 'NONE',  ( 0.000000000000000000, 0.000000000000000000, 1.000000000000000000 ) ) ;
#792 = EDGE_CURVE ( 'NONE', #1166, #1277, #362, .T. ) ;
#793 = DIRECTION ( 'NONE',  ( 0.000000000000000000, 1.000000000000000000, -0.000000000000000000 ) ) ;
#794 = DIRECTION ( 'NONE',  ( 0.000000000000000000, 0.000000000000000000, 1.000000000000000000 ) ) ;
#795 = ORIENTED_EDGE ( 'NONE', *, *, #240, .T. ) ;
#796 = EDGE_CURVE ( 'NONE', #1750, #2677, #1222, .T. ) ;
#797 = CARTESIAN_POINT ( 'NONE',  ( 9.999999999999914735, 0.000000000000000000, -17.32050807568882078 ) ) ;
#798 = EDGE_LOOP ( 'NONE', ( #2110, #549, #3341, #1656, #706, #1454 ) ) ;
#799 = LINE ( 'NONE', #1832, #2577 ) ;
#800 = AXIS2_PLACEMENT_3D ( 'NONE', #2147, #1878, #3167 ) ;
#801 = DIRECTION ( 'NONE',  ( -1.000000000000000000, 0.000000000000000000, 0.000000000000000000 ) ) ;
#802 = CARTESIAN_POINT ( 'NONE',  ( -9.999999999999838352, 6.000000000000000000, 22.37050807568887478 ) ) ;
#803 = ORIENTED_EDGE ( 'NONE', *, *, #2962, .F. ) ;
#804 = DIRECTION ( 'NONE',  ( -0.8660254037844389297, 0.000000000000000000, -0.4999999999999996114 ) ) ;
#805 = AXIS2_PLACEMENT_3D ( 'NONE', #1552, #1534, #2568 ) ;
#806 = ORIENTED_EDGE ( 'NONE', *, *, #136, .F. ) ;
#807 = CARTESIAN_POINT ( 'NONE',  ( 14.77474167825649332, 14.00000000000000000, -6.140603255445719277 ) ) ;
#808 = CARTESIAN_POINT ( 'NONE',  ( 8.000000000000000000, 24.00000000000000000, -28.83281572999747056 ) ) ;
#809 = DIRECTION ( 'NONE',  ( 0.000000000000000000, 1.000000000000000000, -0.000000000000000000 ) ) ;
#810 = CARTESIAN_POINT ( 'NONE',  ( 14.21655585253781595, 14.72840311919258660, -4.870600967916093538 ) ) ;
#811 = VERTEX_POINT ( 'NONE', #151 ) ;
#812 = AXIS2_PLACEMENT_3D ( 'NONE', #403, #388, #3278 ) ;
#813 = ADVANCED_FACE ( 'NONE', ( #2492 ), #2254, .T. ) ;
#814 = DIRECTION ( 'NONE',  ( 0.000000000000000000, 0.000000000000000000, 1.000000000000000000 ) ) ;
#815 = DIRECTION ( 'NONE',  ( 0.000000000000000000, 0.000000000000000000, -1.000000000000000000 ) ) ;
#816 = CARTESIAN_POINT ( 'NONE',  ( -20.00000000000000000, 10.00000000000000000, 1.127570259384951496E-13 ) ) ;
#817 =( LENGTH_UNIT ( ) NAMED_UNIT ( * ) SI_UNIT ( .MILLI., .METRE. ) );
#818 = DIRECTION ( 'NONE',  ( -0.000000000000000000, 1.000000000000000000, -0.000000000000000000 ) ) ;
#819 = AXIS2_PLACEMENT_3D ( 'NONE', #3195, #1121, #2933 ) ;
#820 = CARTESIAN_POINT ( 'NONE',  ( -9.999999999999838352, 6.000000000000000000, 12.27050807568887336 ) ) ;
#821 = ORIENTED_EDGE ( 'NONE', *, *, #2564, .T. ) ;
#822 = CARTESIAN_POINT ( 'NONE',  ( -10.00000000000008527, 0.000000000000000000, -17.32050807568872841 ) ) ;
#823 = LINE ( 'NONE', #1560, #966 ) ;
#824 = VECTOR ( 'NONE', #815, 1000.000000000000000 ) ;
#825 = DIRECTION ( 'NONE',  ( 0.000000000000000000, -1.000000000000000000, 0.000000000000000000 ) ) ;
#826 = DIRECTION ( 'NONE',  ( -0.000000000000000000, -1.000000000000000000, -0.000000000000000000 ) ) ;
#827 = ORIENTED_EDGE ( 'NONE', *, *, #1128, .T. ) ;
#828 = CIRCLE ( 'NONE', #383, 1.550000000000000266 ) ;
#829 = CARTESIAN_POINT ( 'NONE',  ( 2.890186668140488191, 14.72837264311527328, 14.74721400529807092 ) ) ;
#830 = CIRCLE ( 'NONE', #440, 15.00000000000000000 ) ;
#831 = DIRECTION ( 'NONE',  ( -0.4999999999999996114, 0.000000000000000000, 0.8660254037844389297 ) ) ;
#832 = DIRECTION ( 'NONE',  ( 0.000000000000000000, 0.000000000000000000, -1.000000000000000000 ) ) ;
#833 = EDGE_CURVE ( 'NONE', #1250, #1762, #3222, .T. ) ;
#834 = ADVANCED_FACE ( 'NONE', ( #1681 ), #185, .F. ) ;
#835 = AXIS2_PLACEMENT_3D ( 'NONE', #352, #2704, #2420 ) ;
#836 = CARTESIAN_POINT ( 'NONE',  ( -10.00000000000007105, 24.00000000000000000, 14.27050807568873125 ) ) ;
#837 = LINE ( 'NONE', #2867, #772 ) ;
#838 = ORIENTED_EDGE ( 'NONE', *, *, #2958, .F. ) ;
#839 = ADVANCED_FACE ( 'NONE', ( #1461 ), #1955, .F. ) ;
#840 = LINE ( 'NONE', #2886, #2695 ) ;
#841 = EDGE_LOOP ( 'NONE', ( #1150, #2201, #1088, #2805 ) ) ;
#842 = DIRECTION ( 'NONE',  ( 0.5000000000000002220, 0.000000000000000000, -0.8660254037844384856 ) ) ;
#843 = VERTEX_POINT ( 'NONE', #2269 ) ;
#844 = ORIENTED_EDGE ( 'NONE', *, *, #3261, .T. ) ;
#845 = CARTESIAN_POINT ( 'NONE',  ( 2.485465536373397288, 14.24209225271732038, 15.14504741053986869 ) ) ;
#846 = CARTESIAN_POINT ( 'NONE',  ( 20.00000000000000355, 24.00000000000000000, 1.734723475976807094E-15 ) ) ;
#847 = DIRECTION ( 'NONE',  ( 0.000000000000000000, 0.000000000000000000, 1.000000000000000000 ) ) ;
#848 = PERSON_AND_ORGANIZATION ( #3285, #2102 ) ;
#849 = EDGE_CURVE ( 'NONE', #2309, #1962, #2006, .T. ) ;
#850 = LINE ( 'NONE', #1689, #171 ) ;
#851 = CARTESIAN_POINT ( 'NONE',  ( 0.000000000000000000, 6.000000000000000000, 0.000000000000000000 ) ) ;
#852 = ORIENTED_EDGE ( 'NONE', *, *, #2381, .T. ) ;
#853 = VECTOR ( 'NONE', #968, 1000.000000000000000 ) ;
#854 = EDGE_CURVE ( 'NONE', #863, #1729, #2223, .T. ) ;
#855 = DIRECTION ( 'NONE',  ( 0.4999999999999998890, -0.000000000000000000, -0.8660254037844387076 ) ) ;
#856 = EDGE_CURVE ( 'NONE', #2677, #2125, #886, .T. ) ;
#857 = DIRECTION ( 'NONE',  ( 0.000000000000000000, 0.000000000000000000, 1.000000000000000000 ) ) ;
#858 = VECTOR ( 'NONE', #2523, 1000.000000000000114 ) ;
#859 = DIRECTION ( 'NONE',  ( -1.000000000000000000, 0.000000000000000000, 0.000000000000000000 ) ) ;
#860 = AXIS2_PLACEMENT_3D ( 'NONE', #456, #2472, #1220 ) ;
#861 = ORIENTED_EDGE ( 'NONE', *, *, #2113, .F. ) ;
#862 = VECTOR ( 'NONE', #720, 1000.000000000000000 ) ;
#863 = VERTEX_POINT ( 'NONE', #405 ) ;
#864 = CIRCLE ( 'NONE', #1936, 5.049999999999976730 ) ;
#865 = CARTESIAN_POINT ( 'NONE',  ( 12.12435565298214435, 14.38406204335659666, -8.549999999999998934 ) ) ;
#866 = ORIENTED_EDGE ( 'NONE', *, *, #499, .F. ) ;
#867 = DIRECTION ( 'NONE',  ( -0.4999999999999998890, 0.000000000000000000, -0.8660254037844387076 ) ) ;
#868 = LINE ( 'NONE', #883, #1361 ) ;
#869 = EDGE_LOOP ( 'NONE', ( #2706, #721, #2133, #425 ) ) ;
#870 = CARTESIAN_POINT ( 'NONE',  ( 0.000000000000000000, 24.00000000000000000, 0.000000000000000000 ) ) ;
#871 = FACE_OUTER_BOUND ( 'NONE', #3200, .T. ) ;
#872 = CARTESIAN_POINT ( 'NONE',  ( 8.000000000000000000, 24.00000000000000000, -26.83281572999747056 ) ) ;
#873 = EDGE_CURVE ( 'NONE', #2686, #2090, #257, .T. ) ;
#874 = AXIS2_PLACEMENT_3D ( 'NONE', #2623, #1405, #2887 ) ;
#875 = EDGE_CURVE ( 'NONE', #1277, #1166, #3165, .T. ) ;
#876 = VERTEX_POINT ( 'NONE', #2510 ) ;
#877 = DIRECTION ( 'NONE',  ( 1.000000000000000000, 0.000000000000000000, 1.445602896647339163E-16 ) ) ;
#878 = CARTESIAN_POINT ( 'NONE',  ( 9.999999999999964473, 24.00000000000000000, 20.37050807568879307 ) ) ;
#879 = CIRCLE ( 'NONE', #2014, 5.050000000000000711 ) ;
#880 = VECTOR ( 'NONE', #489, 1000.000000000000000 ) ;
#881 = ORIENTED_EDGE ( 'NONE', *, *, #3242, .T. ) ;
#882 = CARTESIAN_POINT ( 'NONE',  ( -12.12435565298214613, 14.38406204335659666, -8.549999999999998934 ) ) ;
#883 = CARTESIAN_POINT ( 'NONE',  ( -14.48427487829473925, 6.500000000000000888, -8.362499999999998934 ) ) ;
#884 = ORIENTED_EDGE ( 'NONE', *, *, #1935, .F. ) ;
#885 = VECTOR ( 'NONE', #1893, 1000.000000000000000 ) ;
#886 = B_SPLINE_CURVE_WITH_KNOTS ( 'NONE', 3,
 ( #424, #2746, #3023, #992, #2948, #962 ),
 .UNSPECIFIED., .F., .F.,
 ( 4, 2, 4 ),
 ( 0.000000000000000000, 0.0004383268479649581289, 0.0008766536959299162579 ),
 .UNSPECIFIED. ) ;
#887 = CARTESIAN_POINT ( 'NONE',  ( -4.886458552446970138, 10.00000000000000000, 14.18176726699524615 ) ) ;
#888 = PLANE ( 'NONE',  #2601 ) ;
#889 = DIRECTION ( 'NONE',  ( -0.4999999999999998890, 0.000000000000000000, -0.8660254037844387076 ) ) ;
#890 = EDGE_CURVE ( 'NONE', #2760, #1398, #2696, .T. ) ;
#891 = ORIENTED_EDGE ( 'NONE', *, *, #341, .F. ) ;
#892 = ADVANCED_FACE ( 'NONE', ( #1426, #2206 ), #2458, .T. ) ;
#893 = CYLINDRICAL_SURFACE ( 'NONE', #3177, 5.049999999999998934 ) ;
#894 = CARTESIAN_POINT ( 'NONE',  ( -11.99462494786098254, 14.16127890425126168, -9.724999999999999645 ) ) ;
#895 = ORIENTED_EDGE ( 'NONE', *, *, #1271, .T. ) ;
#896 = DIRECTION ( 'NONE',  ( 0.000000000000000000, 0.000000000000000000, 1.000000000000000000 ) ) ;
#897 = ORIENTED_EDGE ( 'NONE', *, *, #2638, .T. ) ;
#898 = ORIENTED_EDGE ( 'NONE', *, *, #934, .F. ) ;
#899 = DIRECTION ( 'NONE',  ( 0.8660254037844387076, 0.000000000000000000, -0.4999999999999999445 ) ) ;
#900 = LINE ( 'NONE', #3000, #1583 ) ;
#901 = VERTEX_POINT ( 'NONE', #3230 ) ;
#902 = DIRECTION ( 'NONE',  ( 0.000000000000000000, 0.000000000000000000, -1.000000000000000000 ) ) ;
#903 = AXIS2_PLACEMENT_3D ( 'NONE', #591, #313, #627 ) ;
#904 = ORIENTED_EDGE ( 'NONE', *, *, #744, .F. ) ;
#905 = AXIS2_PLACEMENT_3D ( 'NONE', #377, #1410, #1096 ) ;
#906 = LINE ( 'NONE', #3233, #1043 ) ;
#907 = VECTOR ( 'NONE', #3331, 1000.000000000000000 ) ;
#908 = DIRECTION ( 'NONE',  ( -0.000000000000000000, 1.000000000000000000, -0.000000000000000000 ) ) ;
#909 = PRODUCT ( '\X2\8fde63a54ef66539\X0\', '\X2\8fde63a54ef66539\X0\', '', ( #2953 ) ) ;
#910 = EDGE_CURVE ( 'NONE', #2663, #1012, #545, .T. ) ;
#911 = EDGE_CURVE ( 'NONE', #2328, #969, #1186, .T. ) ;
#912 = AXIS2_PLACEMENT_3D ( 'NONE', #1698, #3226, #1730 ) ;
#913 = VERTEX_POINT ( 'NONE', #3006 ) ;
#914 = CARTESIAN_POINT ( 'NONE',  ( -8.422097051803675072, 10.00000000000000000, 4.862500000000003375 ) ) ;
#915 = ORIENTED_EDGE ( 'NONE', *, *, #2071, .F. ) ;
#916 = VERTEX_POINT ( 'NONE', #704 ) ;
#917 = AXIS2_PLACEMENT_3D ( 'NONE', #2338, #289, #248 ) ;
#918 = CARTESIAN_POINT ( 'NONE',  ( 0.000000000000000000, 10.00000000000000000, 0.000000000000000000 ) ) ;
#919 = CIRCLE ( 'NONE', #1294, 1.999999999999998224 ) ;
#920 = PLANE ( 'NONE',  #2065 ) ;
#921 = ORIENTED_EDGE ( 'NONE', *, *, #3093, .T. ) ;
#922 = CARTESIAN_POINT ( 'NONE',  ( 20.00000000000000355, 10.00000000000000000, 1.734723475976807094E-15 ) ) ;
#923 = DIRECTION ( 'NONE',  ( 0.000000000000000000, 0.000000000000000000, 1.000000000000000000 ) ) ;
#924 = CARTESIAN_POINT ( 'NONE',  ( -8.977796685898688622, 6.500000000000000888, -6.999999999999997335 ) ) ;
#925 = ORIENTED_EDGE ( 'NONE', *, *, #2708, .F. ) ;
#926 = CARTESIAN_POINT ( 'NONE',  ( 13.69763513652386777, 14.00000000000000000, -9.725000000000008527 ) ) ;
#927 = LINE ( 'NONE', #1959, #2856 ) ;
#928 = ORIENTED_EDGE ( 'NONE', *, *, #1736, .F. ) ;
#929 = CARTESIAN_POINT ( 'NONE',  ( 2.424784577873189129, 14.16127890425126523, 15.25014991371420869 ) ) ;
#930 = EDGE_CURVE ( 'NONE', #1951, #1504, #2379, .T. ) ;
#931 = AXIS2_PLACEMENT_3D ( 'NONE', #1779, #1261, #2570 ) ;
#932 = EDGE_LOOP ( 'NONE', ( #2941, #1913, #2163, #2702 ) ) ;
#933 = ORIENTED_EDGE ( 'NONE', *, *, #1873, .F. ) ;
#934 = EDGE_CURVE ( 'NONE', #876, #2697, #2800, .T. ) ;
#935 = AXIS2_PLACEMENT_3D ( 'NONE', #2529, #2786, #794 ) ;
#936 = CARTESIAN_POINT ( 'NONE',  ( 11.87326303086056178, 14.24209225271732038, -9.725000000000008527 ) ) ;
#937 = LINE ( 'NONE', #2742, #106 ) ;
#938 = EDGE_LOOP ( 'NONE', ( #1889, #86, #2185, #3269 ) ) ;
#939 = EDGE_CURVE ( 'NONE', #525, #2443, #2091, .T. ) ;
#940 = VECTOR ( 'NONE', #2991, 1000.000000000000000 ) ;
#941 = CARTESIAN_POINT ( 'NONE',  ( 1.898202538678397459E-16, 6.500000000000000888, 15.54999999999999893 ) ) ;
#942 = CARTESIAN_POINT ( 'NONE',  ( 9.999999999999914735, 6.000000000000000000, -20.37050807568886768 ) ) ;
#943 = VECTOR ( 'NONE', #713, 1000.000000000000000 ) ;
#944 = DIRECTION ( 'NONE',  ( 0.000000000000000000, 0.000000000000000000, -1.000000000000000000 ) ) ;
#945 = ORIENTED_EDGE ( 'NONE', *, *, #2211, .T. ) ;
#946 = CARTESIAN_POINT ( 'NONE',  ( -8.422097051803666190, 6.500000000000000888, 4.862500000000010481 ) ) ;
#947 = CARTESIAN_POINT ( 'NONE',  ( 3.351490940157841880, 10.00000000000000000, 15.64504741053985448 ) ) ;
#948 = PERSON_AND_ORGANIZATION ( #3285, #2102 ) ;
#949 = ORIENTED_EDGE ( 'NONE', *, *, #1651, .F. ) ;
#950 = CARTESIAN_POINT ( 'NONE',  ( 15.27091462006560185, 6.500000000000000888, -7.000000000000007105 ) ) ;
#951 = ORIENTED_EDGE ( 'NONE', *, *, #934, .T. ) ;
#952 = ORIENTED_EDGE ( 'NONE', *, *, #1808, .T. ) ;
#953 = EDGE_CURVE ( 'NONE', #1270, #1002, #919, .T. ) ;
#954 = EDGE_CURVE ( 'NONE', #3293, #157, #1765, .T. ) ;
#955 = CARTESIAN_POINT ( 'NONE',  ( -14.72500000000001386, 24.00000000000000000, -2.859086392538629173 ) ) ;
#956 = CARTESIAN_POINT ( 'NONE',  ( -6.000000000000000000, 24.00000000000000000, -26.83281572999747411 ) ) ;
#957 = ORIENTED_EDGE ( 'NONE', *, *, #911, .F. ) ;
#958 = LINE ( 'NONE', #1233, #3063 ) ;
#959 = EDGE_CURVE ( 'NONE', #1195, #1623, #253, .T. ) ;
#960 = CARTESIAN_POINT ( 'NONE',  ( 11.87326303086054757, 6.500000000000000888, -9.725000000000008527 ) ) ;
#961 = EDGE_CURVE ( 'NONE', #1766, #3144, #2186, .T. ) ;
#962 = CARTESIAN_POINT ( 'NONE',  ( 11.87326303086056178, 14.24209225271732038, -9.725000000000008527 ) ) ;
#963 = ORIENTED_EDGE ( 'NONE', *, *, #1987, .F. ) ;
#964 = CARTESIAN_POINT ( 'NONE',  ( -3.142022756397953920, 15.00000000000000000, 14.66723194738112035 ) ) ;
#965 = VECTOR ( 'NONE', #3021, 1000.000000000000000 ) ;
#966 = VECTOR ( 'NONE', #2557, 1000.000000000000000 ) ;
#967 = ORIENTED_EDGE ( 'NONE', *, *, #1700, .F. ) ;
#968 = DIRECTION ( 'NONE',  ( -0.000000000000000000, -1.000000000000000000, -0.000000000000000000 ) ) ;
#969 = VERTEX_POINT ( 'NONE', #1841 ) ;
#970 = DIRECTION ( 'NONE',  ( 0.000000000000000000, 0.000000000000000000, -1.000000000000000000 ) ) ;
#971 = CARTESIAN_POINT ( 'NONE',  ( 1.573279483541742518, 14.00000000000000000, 16.72500000000000497 ) ) ;
#972 = VERTEX_POINT ( 'NONE', #1509 ) ;
#973 = DIRECTION ( 'NONE',  ( -0.5000000000000006661, 0.000000000000000000, -0.8660254037844382635 ) ) ;
#974 = DIRECTION ( 'NONE',  ( 0.000000000000000000, -1.000000000000000000, 0.000000000000000000 ) ) ;
#975 = EDGE_CURVE ( 'NONE', #1002, #1187, #218, .T. ) ;
#976 = VERTEX_POINT ( 'NONE', #497 ) ;
#977 = DIRECTION ( 'NONE',  ( 0.4999999999999997780, 0.000000000000000000, 0.8660254037844387076 ) ) ;
#978 = EDGE_LOOP ( 'NONE', ( #3015, #2207, #318, #838 ) ) ;
#979 = ADVANCED_FACE ( 'NONE', ( #2023 ), #3334, .F. ) ;
#980 = CIRCLE ( 'NONE', #2853, 15.00000000000000000 ) ;
#981 = PERSON_AND_ORGANIZATION_ROLE ( 'creator' ) ;
#982 = ORIENTED_EDGE ( 'NONE', *, *, #1896, .F. ) ;
#983 = CARTESIAN_POINT ( 'NONE',  ( 9.999999999999914735, 24.00000000000000000, -17.32050807568882078 ) ) ;
#984 = VERTEX_POINT ( 'NONE', #3354 ) ;
#985 = DIRECTION ( 'NONE',  ( -1.000000000000000000, 0.000000000000000000, -5.513081096283155864E-16 ) ) ;
#986 = ORIENTED_EDGE ( 'NONE', *, *, #2564, .F. ) ;
#987 = CARTESIAN_POINT ( 'NONE',  ( 2.999999999999999112, 9.000000000000000000, -5.196152422706632912 ) ) ;
#988 = AXIS2_PLACEMENT_3D ( 'NONE', #2435, #2661, #1910 ) ;
#989 = DIRECTION ( 'NONE',  ( -0.000000000000000000, -1.000000000000000000, 0.000000000000000000 ) ) ;
#990 = VERTEX_POINT ( 'NONE', #1785 ) ;
#991 = VECTOR ( 'NONE', #238, 1000.000000000000000 ) ;
#992 = CARTESIAN_POINT ( 'NONE',  ( 12.12958637079962010, 14.10094664153910138, -9.725000000000008527 ) ) ;
#993 = ORIENTED_EDGE ( 'NONE', *, *, #3242, .F. ) ;
#994 = AXIS2_PLACEMENT_3D ( 'NONE', #3050, #3017, #193 ) ;
#995 = DIRECTION ( 'NONE',  ( 0.000000000000000000, 0.000000000000000000, -1.000000000000000000 ) ) ;
#996 = EDGE_CURVE ( 'NONE', #2850, #363, #529, .T. ) ;
#997 = VERTEX_POINT ( 'NONE', #1540 ) ;
#998 = DIRECTION ( 'NONE',  ( -0.000000000000000000, 1.000000000000000000, -0.000000000000000000 ) ) ;
#999 = ORIENTED_EDGE ( 'NONE', *, *, #2419, .T. ) ;
#1000 = CYLINDRICAL_SURFACE ( 'NONE', #61, 3.050000000000000711 ) ;
#1001 = CARTESIAN_POINT ( 'NONE',  ( 8.571428571428571175, 10.00000000000000000, -28.74944542499729394 ) ) ;
#1002 = VERTEX_POINT ( 'NONE', #1040 ) ;
#1003 = DIRECTION ( 'NONE',  ( 0.000000000000000000, 1.000000000000000000, -0.000000000000000000 ) ) ;
#1004 = ORIENTED_EDGE ( 'NONE', *, *, #3283, .T. ) ;
#1005 = CARTESIAN_POINT ( 'NONE',  ( -10.00000000000008527, 6.000000000000000000, -17.32050807568872841 ) ) ;
#1006 = FACE_OUTER_BOUND ( 'NONE', #2265, .T. ) ;
#1007 = CARTESIAN_POINT ( 'NONE',  ( -10.00000000000007105, 24.00000000000000000, 17.32050807568873196 ) ) ;
#1008 = FACE_OUTER_BOUND ( 'NONE', #932, .T. ) ;
#1009 = ORIENTED_EDGE ( 'NONE', *, *, #961, .T. ) ;
#1011 = FACE_BOUND ( 'NONE', #3306, .T. ) ;
#1010 = AXIS2_PLACEMENT_3D ( 'NONE', #797, #279, #1815 ) ;
#1012 = VERTEX_POINT ( 'NONE', #771 ) ;
#1013 = DIRECTION ( 'NONE',  ( -0.000000000000000000, -1.000000000000000000, -0.000000000000000000 ) ) ;
#1014 = EDGE_CURVE ( 'NONE', #972, #1962, #135, .T. ) ;
#1015 = EDGE_CURVE ( 'NONE', #1152, #1019, #1690, .T. ) ;
#1016 = VECTOR ( 'NONE', #2188, 1000.000000000000000 ) ;
#1017 = CARTESIAN_POINT ( 'NONE',  ( 0.000000000000000000, 10.00000000000000000, 0.000000000000000000 ) ) ;
#1018 = CARTESIAN_POINT ( 'NONE',  ( -7.511572993685797128E-16, 24.00000000000000000, 5.196152422706632912 ) ) ;
#1019 = VERTEX_POINT ( 'NONE', #807 ) ;
#1020 = CC_DESIGN_SECURITY_CLASSIFICATION ( #81, ( #1553 ) ) ;
#1021 = DIRECTION ( 'NONE',  ( 0.000000000000000000, 1.000000000000000000, 0.000000000000000000 ) ) ;
#1022 = CARTESIAN_POINT ( 'NONE',  ( -14.72499999999998366, 10.00000000000000000, 2.859086392538794819 ) ) ;
#1023 = ORIENTED_EDGE ( 'NONE', *, *, #2130, .F. ) ;
#1024 = AXIS2_PLACEMENT_3D ( 'NONE', #1491, #2220, #3037 ) ;
#1025 = DIRECTION ( 'NONE',  ( -0.000000000000000000, -1.000000000000000000, -0.000000000000000000 ) ) ;
#1026 = DIRECTION ( 'NONE',  ( -1.000000000000000000, 0.000000000000000000, -5.513081096283155864E-16 ) ) ;
#1027 = CARTESIAN_POINT ( 'NONE',  ( 20.00000000000000355, 6.000000000000000000, -2.810252031082427493E-13 ) ) ;
#1028 = ORIENTED_EDGE ( 'NONE', *, *, #2010, .F. ) ;
#1029 = FACE_OUTER_BOUND ( 'NONE', #1132, .T. ) ;
#1030 = VERTEX_POINT ( 'NONE', #2833 ) ;
#1031 = DIRECTION ( 'NONE',  ( 0.000000000000000000, 1.000000000000000000, -0.000000000000000000 ) ) ;
#1032 = EDGE_CURVE ( 'NONE', #247, #3075, #234, .T. ) ;
#1033 = CYLINDRICAL_SURFACE ( 'NONE', #1254, 15.00000000000000000 ) ;
#1034 = DIRECTION ( 'NONE',  ( 0.000000000000000000, 0.000000000000000000, 1.000000000000000000 ) ) ;
#1035 = ORIENTED_EDGE ( 'NONE', *, *, #2651, .T. ) ;
#1036 = DIRECTION ( 'NONE',  ( 0.000000000000000000, 0.000000000000000000, -1.000000000000000000 ) ) ;
#1037 = CYLINDRICAL_SURFACE ( 'NONE', #1499, 2.000000000000000000 ) ;
#1038 = EDGE_CURVE ( 'NONE', #642, #990, #2922, .T. ) ;
#1039 = EDGE_LOOP ( 'NONE', ( #1180, #3062, #3298, #1655 ) ) ;
#1040 = CARTESIAN_POINT ( 'NONE',  ( -8.000000000000000000, 24.00000000000000000, -28.83281572999747056 ) ) ;
#1041 = AXIS2_PLACEMENT_3D ( 'NONE', #385, #1146, #1745 ) ;
#1042 = CARTESIAN_POINT ( 'NONE',  ( -13.69763513652387488, 6.500000000000000888, -9.724999999999997868 ) ) ;
#1043 = VECTOR ( 'NONE', #444, 1000.000000000000114 ) ;
#1044 = DIRECTION ( 'NONE',  ( 0.000000000000000000, 0.000000000000000000, -1.000000000000000000 ) ) ;
#1045 = ORIENTED_EDGE ( 'NONE', *, *, #600, .T. ) ;
#1046 = CARTESIAN_POINT ( 'NONE',  ( -11.87326303086057244, 14.24209225271731860, -9.724999999999997868 ) ) ;
#1047 = CARTESIAN_POINT ( 'NONE',  ( 0.000000000000000000, 15.00000000000000000, 0.000000000000000000 ) ) ;
#1048 = ORIENTED_EDGE ( 'NONE', *, *, #1916, .F. ) ;
#1049 = DIRECTION ( 'NONE',  ( -0.000000000000000000, 1.000000000000000000, -0.000000000000000000 ) ) ;
#1050 = LINE ( 'NONE', #765, #3030 ) ;
#1051 = DIRECTION ( 'NONE',  ( 0.000000000000000000, 0.000000000000000000, 1.000000000000000000 ) ) ;
#1052 = ORIENTED_EDGE ( 'NONE', *, *, #2358, .T. ) ;
#1053 = CARTESIAN_POINT ( 'NONE',  ( -14.72500000000001386, 10.00000000000000000, -2.859086392538629173 ) ) ;
#1054 = EDGE_LOOP ( 'NONE', ( #1377, #396, #110, #1303 ) ) ;
#1055 = DIRECTION ( 'NONE',  ( 0.5000000000000000000, -0.000000000000000000, 0.8660254037844385966 ) ) ;
#1056 = DIRECTION ( 'NONE',  ( 0.000000000000000000, 0.000000000000000000, 1.000000000000000000 ) ) ;
#1057 = EDGE_CURVE ( 'NONE', #2783, #913, #1619, .T. ) ;
#1058 = CARTESIAN_POINT ( 'NONE',  ( -8.000000000000000000, 10.00000000000000000, -15.00000000000000178 ) ) ;
#1059 = EDGE_CURVE ( 'NONE', #2629, #525, #273, .T. ) ;
#1060 = LINE ( 'NONE', #1825, #1585 ) ;
#1061 = ORIENTED_EDGE ( 'NONE', *, *, #1447, .T. ) ;
#1062 = DIRECTION ( 'NONE',  ( -0.000000000000000000, -1.000000000000000000, -0.000000000000000000 ) ) ;
#1063 = DIRECTION ( 'NONE',  ( 0.000000000000000000, 0.000000000000000000, 1.000000000000000000 ) ) ;
#1064 = DIRECTION ( 'NONE',  ( -0.000000000000000000, -1.000000000000000000, -0.000000000000000000 ) ) ;
#1065 =( NAMED_UNIT ( * ) PLANE_ANGLE_UNIT ( ) SI_UNIT ( $, .RADIAN. ) );
#1066 = CIRCLE ( 'NONE', #2361, 6.000000000000001776 ) ;
#1067 = DIRECTION ( 'NONE',  ( -0.4999999999999993339, 0.000000000000000000, 0.8660254037844389297 ) ) ;
#1068 = CARTESIAN_POINT ( 'NONE',  ( 4.886458552447038528, 24.00000000000000000, 14.18176726699522305 ) ) ;
#1069 = ORIENTED_EDGE ( 'NONE', *, *, #2032, .T. ) ;
#1070 = DIRECTION ( 'NONE',  ( -0.000000000000000000, -1.000000000000000000, -0.000000000000000000 ) ) ;
#1071 = VECTOR ( 'NONE', #2710, 1000.000000000000000 ) ;
#1072 = FACE_OUTER_BOUND ( 'NONE', #1672, .T. ) ;
#1073 = CARTESIAN_POINT ( 'NONE',  ( -14.21655529770403703, 14.72837264311526795, -4.870631926360262653 ) ) ;
#1074 = VECTOR ( 'NONE', #2001, 999.9999999999998863 ) ;
#1075 = ADVANCED_FACE ( 'NONE', ( #554 ), #1582, .F. ) ;
#1076 = EDGE_CURVE ( 'NONE', #3008, #2775, #3214, .T. ) ;
#1077 = ORIENTED_EDGE ( 'NONE', *, *, #2901, .T. ) ;
#1078 = AXIS2_PLACEMENT_3D ( 'NONE', #2203, #1219, #3002 ) ;
#1079 = DIRECTION ( 'NONE',  ( 0.000000000000000000, 0.000000000000000000, 1.000000000000000000 ) ) ;
#1080 = ADVANCED_FACE ( 'NONE', ( #1130 ), #2169, .F. ) ;
#1081 = LINE ( 'NONE', #1328, #2959 ) ;
#1082 = CARTESIAN_POINT ( 'NONE',  ( 13.69763513652387488, 6.500000000000000888, -4.275000000000015454 ) ) ;
#1083 = CYLINDRICAL_SURFACE ( 'NONE', #335, 1.000000000000000000 ) ;
#1084 = DIRECTION ( 'NONE',  ( 0.000000000000000000, -1.000000000000000000, 0.000000000000000000 ) ) ;
#1085 = EDGE_LOOP ( 'NONE', ( #1544, #1287 ) ) ;
#1086 = LINE ( 'NONE', #300, #418 ) ;
#1087 = CARTESIAN_POINT ( 'NONE',  ( -20.00000000000000000, 0.000000000000000000, 1.127570259384951496E-13 ) ) ;
#1088 = ORIENTED_EDGE ( 'NONE', *, *, #1629, .T. ) ;
#1089 = FACE_OUTER_BOUND ( 'NONE', #479, .T. ) ;
#1090 = ORIENTED_EDGE ( 'NONE', *, *, #833, .T. ) ;
#1091 = ORIENTED_EDGE ( 'NONE', *, *, #92, .T. ) ;
#1092 = AXIS2_PLACEMENT_3D ( 'NONE', #1018, #10, #2336 ) ;
#1093 = ADVANCED_FACE ( 'NONE', ( #1403 ), #1372, .T. ) ;
#1094 = AXIS2_PLACEMENT_3D ( 'NONE', #851, #2386, #58 ) ;
#1095 = DIRECTION ( 'NONE',  ( 1.000000000000000000, 0.000000000000000000, -2.756540548141576453E-16 ) ) ;
#1096 = DIRECTION ( 'NONE',  ( 0.000000000000000000, 0.000000000000000000, -1.000000000000000000 ) ) ;
#1097 = EDGE_CURVE ( 'NONE', #3075, #2138, #2647, .T. ) ;
#1098 = CIRCLE ( 'NONE', #835, 1.999999999999998224 ) ;
#1099 = CARTESIAN_POINT ( 'NONE',  ( 20.00000000000000355, 6.000000000000000000, -2.810252031082427493E-13 ) ) ;
#1100 = DIRECTION ( 'NONE',  ( -1.000000000000000000, 0.000000000000000000, 0.000000000000000000 ) ) ;
#1101 = ORIENTED_EDGE ( 'NONE', *, *, #873, .F. ) ;
#1102 = DIRECTION ( 'NONE',  ( 0.000000000000000000, 1.000000000000000000, -0.000000000000000000 ) ) ;
#1103 = CARTESIAN_POINT ( 'NONE',  ( 14.48427487829473925, 6.500000000000000888, -8.362499999999998934 ) ) ;
#1104 = ORIENTED_EDGE ( 'NONE', *, *, #2840, .F. ) ;
#1105 = FACE_OUTER_BOUND ( 'NONE', #1232, .T. ) ;
#1106 = DIRECTION ( 'NONE',  ( 0.000000000000000000, 1.000000000000000000, -0.000000000000000000 ) ) ;
#1107 = EDGE_LOOP ( 'NONE', ( #1101, #3041, #661, #3263, #2918 ) ) ;
#1108 = FACE_OUTER_BOUND ( 'NONE', #347, .T. ) ;
#1109 = DIRECTION ( 'NONE',  ( -0.000000000000000000, 1.000000000000000000, -0.000000000000000000 ) ) ;
#1110 = ORIENTED_EDGE ( 'NONE', *, *, #796, .T. ) ;
#1111 = ADVANCED_FACE ( 'NONE', ( #353, #1610 ), #888, .T. ) ;
#1112 = CIRCLE ( 'NONE', #2995, 5.049999999999998046 ) ;
#1113 = DIRECTION ( 'NONE',  ( 0.000000000000000000, -1.000000000000000000, 0.000000000000000000 ) ) ;
#1114 = FACE_OUTER_BOUND ( 'NONE', #105, .T. ) ;
#1115 = AXIS2_PLACEMENT_3D ( 'NONE', #2351, #1013, #3342 ) ;
#1116 = CARTESIAN_POINT ( 'NONE',  ( -20.00000000000000000, 6.000000000000000000, 1.127570259384951496E-13 ) ) ;
#1117 = ORIENTED_EDGE ( 'NONE', *, *, #1323, .F. ) ;
#1118 = CC_DESIGN_APPROVAL ( #1298, ( #3129 ) ) ;
#1119 = EDGE_LOOP ( 'NONE', ( #1755, #677, #269, #1567 ) ) ;
#1120 = EDGE_CURVE ( 'NONE', #2271, #201, #840, .T. ) ;
#1121 = DIRECTION ( 'NONE',  ( 0.000000000000000000, -1.000000000000000000, 0.000000000000000000 ) ) ;
#1122 = DIRECTION ( 'NONE',  ( 0.000000000000000000, 0.000000000000000000, 1.000000000000000000 ) ) ;
#1123 = VERTEX_POINT ( 'NONE', #631 ) ;
#1124 = CARTESIAN_POINT ( 'NONE',  ( -3.702258601178483488, 6.500000000000000888, 2.137500000000004174 ) ) ;
#1125 = FACE_BOUND ( 'NONE', #628, .T. ) ;
#1126 = EDGE_LOOP ( 'NONE', ( #417, #565 ) ) ;
#1127 = EDGE_CURVE ( 'NONE', #633, #913, #47, .T. ) ;
#1128 = EDGE_CURVE ( 'NONE', #1725, #2911, #56, .T. ) ;
#1129 = CARTESIAN_POINT ( 'NONE',  ( 20.00000000000000355, 0.000000000000000000, -5.050000000000278710 ) ) ;
#1130 = FACE_OUTER_BOUND ( 'NONE', #2255, .T. ) ;
#1131 = CARTESIAN_POINT ( 'NONE',  ( 0.000000000000000000, 24.00000000000000000, 0.000000000000000000 ) ) ;
#1132 = EDGE_LOOP ( 'NONE', ( #1104, #2956, #1157, #2024 ) ) ;
#1133 = ADVANCED_FACE ( 'NONE', ( #1072 ), #336, .F. ) ;
#1134 = ORIENTED_EDGE ( 'NONE', *, *, #1032, .T. ) ;
#1135 = DIRECTION ( 'NONE',  ( 0.000000000000000000, 0.000000000000000000, 1.000000000000000000 ) ) ;
#1136 = DIRECTION ( 'NONE',  ( 0.000000000000000000, 1.000000000000000000, -0.000000000000000000 ) ) ;
#1137 = CARTESIAN_POINT ( 'NONE',  ( 14.35872856723394975, 14.24209225271731682, -5.420047410539881483 ) ) ;
#1138 = VECTOR ( 'NONE', #1597, 1000.000000000000000 ) ;
#1139 = AXIS2_PLACEMENT_3D ( 'NONE', #2643, #71, #1906 ) ;
#1140 = ORIENTED_EDGE ( 'NONE', *, *, #579, .F. ) ;
#1141 = DIRECTION ( 'NONE',  ( 0.000000000000000000, 0.000000000000000000, 1.000000000000000000 ) ) ;
#1142 = ORIENTED_EDGE ( 'NONE', *, *, #3007, .F. ) ;
#1143 = ORIENTED_EDGE ( 'NONE', *, *, #975, .T. ) ;
#1144 = VECTOR ( 'NONE', #2963, 1000.000000000000000 ) ;
#1145 = CARTESIAN_POINT ( 'NONE',  ( 6.000000000000000000, 10.00000000000000000, -15.00000000000000178 ) ) ;
#1146 = DIRECTION ( 'NONE',  ( -0.000000000000000000, -1.000000000000000000, -0.000000000000000000 ) ) ;
#1147 = VERTEX_POINT ( 'NONE', #1659 ) ;
#1148 = CARTESIAN_POINT ( 'NONE',  ( 5.361471366135377997E-15, 6.500000000000000888, -9.725000000000015632 ) ) ;
#1149 = DIRECTION ( 'NONE',  ( 0.000000000000000000, 1.000000000000000000, -0.000000000000000000 ) ) ;
#1150 = ORIENTED_EDGE ( 'NONE', *, *, #2400, .F. ) ;
#1151 = ADVANCED_FACE ( 'NONE', ( #1114 ), #95, .F. ) ;
#1152 = VERTEX_POINT ( 'NONE', #1645 ) ;
#1153 = EDGE_CURVE ( 'NONE', #741, #1147, #2645, .T. ) ;
#1154 = DIRECTION ( 'NONE',  ( 0.000000000000000000, 0.000000000000000000, -1.000000000000000000 ) ) ;
#1155 = CARTESIAN_POINT ( 'NONE',  ( -13.69763513652387843, 10.00000000000000000, -4.274999999999998579 ) ) ;
#1156 = FACE_OUTER_BOUND ( 'NONE', #2814, .T. ) ;
#1157 = ORIENTED_EDGE ( 'NONE', *, *, #305, .T. ) ;
#1158 = LINE ( 'NONE', #70, #411 ) ;
#1159 = VERTEX_POINT ( 'NONE', #316 ) ;
#1160 = ORIENTED_EDGE ( 'NONE', *, *, #910, .F. ) ;
#1161 = DIRECTION ( 'NONE',  ( 1.000000000000000000, 0.000000000000000000, 0.000000000000000000 ) ) ;
#1162 = CARTESIAN_POINT ( 'NONE',  ( 8.000000000000000000, 10.00000000000000000, -15.00000000000000178 ) ) ;
#1163 = ORIENTED_EDGE ( 'NONE', *, *, #546, .T. ) ;
#1164 = CARTESIAN_POINT ( 'NONE',  ( 0.000000000000000000, 10.00000000000000000, 0.000000000000000000 ) ) ;
#1165 = AXIS2_PLACEMENT_3D ( 'NONE', #3256, #3032, #1211 ) ;
#1166 = VERTEX_POINT ( 'NONE', #370 ) ;
#1167 = CARTESIAN_POINT ( 'NONE',  ( 8.422097051803659085, 10.00000000000000000, 4.862499999999998046 ) ) ;
#1168 = ORIENTED_EDGE ( 'NONE', *, *, #2481, .T. ) ;
#1169 = CIRCLE ( 'NONE', #1608, 3.050000000000000711 ) ;
#1170 = EDGE_CURVE ( 'NONE', #976, #997, #1858, .T. ) ;
#1171 = EDGE_CURVE ( 'NONE', #1262, #2850, #2334, .T. ) ;
#1172 = DIRECTION ( 'NONE',  ( 0.000000000000000000, 1.000000000000000000, -0.000000000000000000 ) ) ;
#1173 = AXIS2_PLACEMENT_3D ( 'NONE', #2318, #3344, #1852 ) ;
#1174 = DIRECTION ( 'NONE',  ( 8.881784197001252323E-16, 0.000000000000000000, 1.000000000000000000 ) ) ;
#1175 = APPROVAL_STATUS ( 'not_yet_approved' ) ;
#1176 = EDGE_CURVE ( 'NONE', #2938, #876, #1960, .T. ) ;
#1177 = ORIENTED_EDGE ( 'NONE', *, *, #368, .F. ) ;
#1178 = DIRECTION ( 'NONE',  ( -0.000000000000000000, 1.000000000000000000, -0.000000000000000000 ) ) ;
#1179 = ORIENTED_EDGE ( 'NONE', *, *, #3097, .T. ) ;
#1180 = ORIENTED_EDGE ( 'NONE', *, *, #3117, .F. ) ;
#1181 = DIRECTION ( 'NONE',  ( 0.000000000000000000, 0.000000000000000000, 1.000000000000000000 ) ) ;
#1182 = FACE_BOUND ( 'NONE', #77, .T. ) ;
#1183 = EDGE_LOOP ( 'NONE', ( #897, #1458, #2242, #654 ) ) ;
#1184 = FACE_OUTER_BOUND ( 'NONE', #2061, .T. ) ;
#1185 = LINE ( 'NONE', #2745, #2144 ) ;
#1186 = LINE ( 'NONE', #3250, #2111 ) ;
#1187 = VERTEX_POINT ( 'NONE', #1883 ) ;
#1188 = AXIS2_PLACEMENT_3D ( 'NONE', #2350, #1849, #1831 ) ;
#1189 = DIRECTION ( 'NONE',  ( -0.000000000000000000, -1.000000000000000000, -0.000000000000000000 ) ) ;
#1190 = DIRECTION ( 'NONE',  ( -0.000000000000000000, 1.000000000000000000, -0.000000000000000000 ) ) ;
#1191 = ADVANCED_FACE ( 'NONE', ( #871 ), #1894, .F. ) ;
#1192 = APPROVAL ( #172, 'æœª' ) ;
#1193 = ORIENTED_EDGE ( 'NONE', *, *, #1845, .F. ) ;
#1194 = DIRECTION ( 'NONE',  ( 0.000000000000000000, 0.000000000000000000, -1.000000000000000000 ) ) ;
#1195 = VERTEX_POINT ( 'NONE', #971 ) ;
#1196 = ORIENTED_EDGE ( 'NONE', *, *, #1059, .T. ) ;
#1197 = EDGE_CURVE ( 'NONE', #157, #2760, #435, .T. ) ;
#1198 = CIRCLE ( 'NONE', #280, 5.999999999999998224 ) ;
#1199 = DIRECTION ( 'NONE',  ( 0.000000000000000000, 0.000000000000000000, -1.000000000000000000 ) ) ;
#1200 = FACE_BOUND ( 'NONE', #2553, .T. ) ;
#1201 = ORIENTED_EDGE ( 'NONE', *, *, #3153, .F. ) ;
#1202 = AXIS2_PLACEMENT_3D ( 'NONE', #2674, #899, #1401 ) ;
#1203 = DIRECTION ( 'NONE',  ( 0.000000000000000000, 0.000000000000000000, 1.000000000000000000 ) ) ;
#1204 = LINE ( 'NONE', #960, #1016 ) ;
#1205 = AXIS2_PLACEMENT_3D ( 'NONE', #1300, #2335, #2617 ) ;
#1206 = ORIENTED_EDGE ( 'NONE', *, *, #769, .F. ) ;
#1207 = CARTESIAN_POINT ( 'NONE',  ( 0.000000000000000000, 6.000000000000000000, 0.000000000000000000 ) ) ;
#1208 = ORIENTED_EDGE ( 'NONE', *, *, #2689, .T. ) ;
#1209 = DESIGN_CONTEXT ( 'detailed design', #2613, 'design' ) ;
#1210 = ORIENTED_EDGE ( 'NONE', *, *, #2381, .F. ) ;
#1211 = DIRECTION ( 'NONE',  ( 0.000000000000000000, 0.000000000000000000, -1.000000000000000000 ) ) ;
#1212 = ORIENTED_EDGE ( 'NONE', *, *, #954, .T. ) ;
#1213 = VERTEX_POINT ( 'NONE', #2200 ) ;
#1214 = EDGE_CURVE ( 'NONE', #976, #2465, #179, .T. ) ;
#1215 = DIRECTION ( 'NONE',  ( 0.000000000000000000, 0.000000000000000000, -1.000000000000000000 ) ) ;
#1216 = ADVANCED_FACE ( 'NONE', ( #2246 ), #1984, .T. ) ;
#1217 = DIRECTION ( 'NONE',  ( -0.4999999999999993339, 0.000000000000000000, 0.8660254037844389297 ) ) ;
#1218 = ORIENTED_EDGE ( 'NONE', *, *, #875, .T. ) ;
#1219 = DIRECTION ( 'NONE',  ( -0.000000000000000000, 1.000000000000000000, -0.000000000000000000 ) ) ;
#1220 = DIRECTION ( 'NONE',  ( 0.000000000000000000, 0.000000000000000000, 1.000000000000000000 ) ) ;
#1221 = B_SPLINE_CURVE_WITH_KNOTS ( 'NONE', 3,
 ( #122, #894, #55, #84, #3196, #344 ),
 .UNSPECIFIED., .F., .F.,
 ( 4, 2, 4 ),
 ( 0.0001617085089285374326, 0.0005979346845316811741, 0.001034160860134825024 ),
 .UNSPECIFIED. ) ;
#1222 = LINE ( 'NONE', #392, #2366 ) ;
#1223 = ORIENTED_EDGE ( 'NONE', *, *, #1097, .F. ) ;
#1224 = VECTOR ( 'NONE', #1327, 1000.000000000000000 ) ;
#1225 = CARTESIAN_POINT ( 'NONE',  ( -10.00000000000007105, 24.00000000000000000, 17.32050807568873196 ) ) ;
#1226 = DIRECTION ( 'NONE',  ( 0.000000000000000000, 0.000000000000000000, -1.000000000000000000 ) ) ;
#1227 = ORIENTED_EDGE ( 'NONE', *, *, #621, .F. ) ;
#1228 = LINE ( 'NONE', #2769, #138 ) ;
#1229 = ORIENTED_EDGE ( 'NONE', *, *, #1346, .F. ) ;
#1230 = CARTESIAN_POINT ( 'NONE',  ( 9.999999999999914735, 6.000000000000000000, -17.32050807568882078 ) ) ;
#1231 = DIRECTION ( 'NONE',  ( -1.000000000000000000, 0.000000000000000000, 0.000000000000000000 ) ) ;
#1232 = EDGE_LOOP ( 'NONE', ( #2668, #3019, #2466, #1212 ) ) ;
#1233 = CARTESIAN_POINT ( 'NONE',  ( 0.000000000000000000, 14.00000000000000000, 16.72500000000000497 ) ) ;
#1234 = EDGE_CURVE ( 'NONE', #1508, #1390, #879, .T. ) ;
#1235 = CARTESIAN_POINT ( 'NONE',  ( -8.000000000000000000, 10.00000000000000000, -15.00000000000000178 ) ) ;
#1236 = ORIENTED_EDGE ( 'NONE', *, *, #2503, .F. ) ;
#1237 = CARTESIAN_POINT ( 'NONE',  ( -8.422097051803675072, 6.500000000000000888, 4.862500000000003375 ) ) ;
#1238 = VERTEX_POINT ( 'NONE', #2723 ) ;
#1239 = DIRECTION ( 'NONE',  ( -0.000000000000000000, 1.000000000000000000, -0.000000000000000000 ) ) ;
#1240 = ADVANCED_FACE ( 'NONE', ( #1696 ), #682, .F. ) ;
#1241 = DIRECTION ( 'NONE',  ( 0.000000000000000000, -1.000000000000000000, 0.000000000000000000 ) ) ;
#1242 = ORIENTED_EDGE ( 'NONE', *, *, #29, .F. ) ;
#1243 = DIRECTION ( 'NONE',  ( 0.000000000000000000, 0.000000000000000000, -1.000000000000000000 ) ) ;
#1244 = ORIENTED_EDGE ( 'NONE', *, *, #2395, .T. ) ;
#1245 = LINE ( 'NONE', #1474, #1366 ) ;
#1246 = CARTESIAN_POINT ( 'NONE',  ( 13.69763513652386777, 6.500000000000000888, -9.725000000000008527 ) ) ;
#1247 = VERTEX_POINT ( 'NONE', #2759 ) ;
#1248 = CARTESIAN_POINT ( 'NONE',  ( 14.27320684782973359, 15.00000000000000000, -4.612544447381122126 ) ) ;
#1249 = AXIS2_PLACEMENT_3D ( 'NONE', #2108, #581, #3173 ) ;
#1250 = VERTEX_POINT ( 'NONE', #453 ) ;
#1251 = AXIS2_PLACEMENT_3D ( 'NONE', #2042, #18, #3061 ) ;
#1252 = CARTESIAN_POINT ( 'NONE',  ( 5.999999999999998224, 9.000000000000000000, -2.602085213965210642E-15 ) ) ;
#1253 = CARTESIAN_POINT ( 'NONE',  ( 4.500000000000000000, 24.00000000000000000, 2.598076211353313791 ) ) ;
#1254 = AXIS2_PLACEMENT_3D ( 'NONE', #1017, #818, #267 ) ;
#1255 = EDGE_CURVE ( 'NONE', #1990, #1413, #438, .T. ) ;
#1256 = DIRECTION ( 'NONE',  ( 0.5000000000000003331, 0.000000000000000000, 0.8660254037844383745 ) ) ;
#1257 = EDGE_CURVE ( 'NONE', #901, #1551, #828, .T. ) ;
#1258 = LINE ( 'NONE', #2046, #409 ) ;
#1259 = ORIENTED_EDGE ( 'NONE', *, *, #2689, .F. ) ;
#1260 = CARTESIAN_POINT ( 'NONE',  ( 0.000000000000000000, 14.00000000000000000, 0.000000000000000000 ) ) ;
#1261 = DIRECTION ( 'NONE',  ( -0.000000000000000000, -1.000000000000000000, -0.000000000000000000 ) ) ;
#1262 = VERTEX_POINT ( 'NONE', #109 ) ;
#1263 = CYLINDRICAL_SURFACE ( 'NONE', #1994, 30.00000000000000000 ) ;
#1264 = DIRECTION ( 'NONE',  ( 0.000000000000000000, 0.000000000000000000, 1.000000000000000000 ) ) ;
#1265 = ORIENTED_EDGE ( 'NONE', *, *, #2516, .T. ) ;
#1266 = DIRECTION ( 'NONE',  ( 0.000000000000000000, 1.000000000000000000, -0.000000000000000000 ) ) ;
#1267 = LINE ( 'NONE', #3335, #2428 ) ;
#1268 = CARTESIAN_POINT ( 'NONE',  ( -9.999999999999838352, 0.000000000000000000, 17.32050807568887407 ) ) ;
#1269 = LINE ( 'NONE', #2308, #167 ) ;
#1270 = VERTEX_POINT ( 'NONE', #956 ) ;
#1271 = EDGE_CURVE ( 'NONE', #2633, #3101, #2184, .T. ) ;
#1272 = AXIS2_PLACEMENT_3D ( 'NONE', #1047, #1550, #1589 ) ;
#1273 = EDGE_CURVE ( 'NONE', #2443, #2884, #900, .T. ) ;
#1274 = EDGE_CURVE ( 'NONE', #729, #1752, #662, .T. ) ;
#1276 = DIRECTION ( 'NONE',  ( 0.000000000000000000, -1.000000000000000000, 0.000000000000000000 ) ) ;
#1275 = VECTOR ( 'NONE', #762, 1000.000000000000000 ) ;
#1277 = VERTEX_POINT ( 'NONE', #666 ) ;
#1278 = LINE ( 'NONE', #2316, #1497 ) ;
#1279 = ADVANCED_FACE ( 'NONE', ( #2943, #3244, #1457, #401, #1182, #2454, #146, #128, #1200, #3224, #1436 ), #920, .F. ) ;
#1280 = LINE ( 'NONE', #2066, #333 ) ;
#1281 = LINE ( 'NONE', #786, #2388 ) ;
#1282 = EDGE_LOOP ( 'NONE', ( #3085, #1970 ) ) ;
#1283 = VECTOR ( 'NONE', #1239, 1000.000000000000000 ) ;
#1284 = CARTESIAN_POINT ( 'NONE',  ( -12.70528925290565958, 14.00000000000000000, -9.724999999999997868 ) ) ;
#1285 = VECTOR ( 'NONE', #3281, 1000.000000000000000 ) ;
#1286 = DIRECTION ( 'NONE',  ( 0.000000000000000000, 0.000000000000000000, -1.000000000000000000 ) ) ;
#1287 = ORIENTED_EDGE ( 'NONE', *, *, #445, .T. ) ;
#1288 = CIRCLE ( 'NONE', #369, 5.999999999999998224 ) ;
#1289 = DIRECTION ( 'NONE',  ( 0.000000000000000000, 1.000000000000000000, -0.000000000000000000 ) ) ;
#1290 = DIRECTION ( 'NONE',  ( 0.000000000000000000, -1.000000000000000000, 0.000000000000000000 ) ) ;
#1291 = FACE_OUTER_BOUND ( 'NONE', #587, .T. ) ;
#1292 = LINE ( 'NONE', #1, #111 ) ;
#1293 = VERTEX_POINT ( 'NONE', #2218 ) ;
#1294 = AXIS2_PLACEMENT_3D ( 'NONE', #2782, #1307, #2057 ) ;
#1295 = LINE ( 'NONE', #2547, #1224 ) ;
#1296 = VERTEX_POINT ( 'NONE', #2234 ) ;
#1297 = CARTESIAN_POINT ( 'NONE',  ( -14.35872856723395152, 14.24209225271732215, -5.420047410539859278 ) ) ;
#1298 = APPROVAL ( #2399, 'æœª' ) ;
#1299 = AXIS2_PLACEMENT_3D ( 'NONE', #1541, #2040, #274 ) ;
#1300 = CARTESIAN_POINT ( 'NONE',  ( 0.000000000000000000, 15.00000000000000000, 0.000000000000000000 ) ) ;
#1301 = EDGE_CURVE ( 'NONE', #573, #1789, #937, .T. ) ;
#1302 = CARTESIAN_POINT ( 'NONE',  ( 0.000000000000000000, 14.00000000000000000, 0.000000000000000000 ) ) ;
#1303 = ORIENTED_EDGE ( 'NONE', *, *, #1968, .T. ) ;
#1304 = EDGE_CURVE ( 'NONE', #1472, #2771, #557, .T. ) ;
#1305 = DIRECTION ( 'NONE',  ( 0.000000000000000000, 0.000000000000000000, 1.000000000000000000 ) ) ;
#1306 = EDGE_LOOP ( 'NONE', ( #1489, #102, #2720, #2438 ) ) ;
#1307 = DIRECTION ( 'NONE',  ( 0.000000000000000000, 1.000000000000000000, -0.000000000000000000 ) ) ;
#1308 = AXIS2_PLACEMENT_3D ( 'NONE', #1503, #3310, #548 ) ;
#1309 = CARTESIAN_POINT ( 'NONE',  ( 8.571428571428569398, 24.00000000000000000, -28.74944542499729749 ) ) ;
#1310 = DIRECTION ( 'NONE',  ( 0.000000000000000000, -1.000000000000000000, 0.000000000000000000 ) ) ;
#1311 = CIRCLE ( 'NONE', #2124, 3.050000000000000711 ) ;
#1312 = FACE_OUTER_BOUND ( 'NONE', #2532, .T. ) ;
#1313 = VERTEX_POINT ( 'NONE', #3347 ) ;
#1314 = AXIS2_PLACEMENT_3D ( 'NONE', #918, #2405, #1181 ) ;
#1315 = CARTESIAN_POINT ( 'NONE',  ( 11.87326303086054757, 10.00000000000000000, -10.72500000000000853 ) ) ;
#1316 = ORIENTED_EDGE ( 'NONE', *, *, #1057, .F. ) ;
#1317 = CARTESIAN_POINT ( 'NONE',  ( 0.000000000000000000, 24.00000000000000000, 0.000000000000000000 ) ) ;
#1318 = CARTESIAN_POINT ( 'NONE',  ( -15.22475397101838546, 10.00000000000000000, -4.920047410539845067 ) ) ;
#1319 = DIRECTION ( 'NONE',  ( 0.000000000000000000, -1.000000000000000000, 0.000000000000000000 ) ) ;
#1320 = EDGE_LOOP ( 'NONE', ( #1671, #1345, #680, #1437 ) ) ;
#1321 = DIRECTION ( 'NONE',  ( 0.000000000000000000, 0.000000000000000000, 1.000000000000000000 ) ) ;
#1322 = EDGE_CURVE ( 'NONE', #123, #69, #2535, .T. ) ;
#1323 = EDGE_CURVE ( 'NONE', #1483, #2090, #2548, .T. ) ;
#1324 = CARTESIAN_POINT ( 'NONE',  ( 20.00000000000000355, 24.00000000000000000, 1.734723475976807094E-15 ) ) ;
#1325 = DIRECTION ( 'NONE',  ( 0.000000000000000000, -0.000000000000000000, -1.000000000000000000 ) ) ;
#1326 = EDGE_LOOP ( 'NONE', ( #343, #2247 ) ) ;
#1327 = DIRECTION ( 'NONE',  ( -0.000000000000000000, -1.000000000000000000, -0.000000000000000000 ) ) ;
#1328 = CARTESIAN_POINT ( 'NONE',  ( 3.702258601178478159, 10.00000000000000000, 2.137499999999999289 ) ) ;
#1329 = CARTESIAN_POINT ( 'NONE',  ( -14.41940952573415657, 14.16127890425126878, -5.525149913714193950 ) ) ;
#1330 = AXIS2_PLACEMENT_3D ( 'NONE', #760, #542, #1791 ) ;
#1331 = CARTESIAN_POINT ( 'NONE',  ( 0.000000000000000000, 0.000000000000000000, 14.00000000000000000 ) ) ;
#1332 = CARTESIAN_POINT ( 'NONE',  ( -10.55107616944041737, 6.500000000000000888, -4.274999999999997691 ) ) ;
#1333 = EDGE_LOOP ( 'NONE', ( #407, #2408, #790, #881 ) ) ;
#1334 = FACE_OUTER_BOUND ( 'NONE', #188, .T. ) ;
#1335 = CIRCLE ( 'NONE', #413, 15.00000000000000000 ) ;
#1336 = CC_DESIGN_PERSON_AND_ORGANIZATION_ASSIGNMENT ( #948, #1482, ( #1553 ) ) ;
#1337 = MANIFOLD_SOLID_BREP ( '\X2\570689d2\X0\29', #2270 ) ;
#1338 = CC_DESIGN_APPROVAL ( #1192, ( #81 ) ) ;
#1339 = DIRECTION ( 'NONE',  ( 0.000000000000000000, 0.000000000000000000, 1.000000000000000000 ) ) ;
#1340 = DIRECTION ( 'NONE',  ( 0.000000000000000000, 1.000000000000000000, -0.000000000000000000 ) ) ;
#1341 = EDGE_CURVE ( 'NONE', #1516, #2404, #731, .T. ) ;
#1342 = EDGE_LOOP ( 'NONE', ( #457, #1792, #821, #215 ) ) ;
#1343 = AXIS2_PLACEMENT_3D ( 'NONE', #2020, #716, #148 ) ;
#1344 = ADVANCED_FACE ( 'NONE', ( #2297 ), #2829, .T. ) ;
#1345 = ORIENTED_EDGE ( 'NONE', *, *, #1384, .F. ) ;
#1346 = EDGE_CURVE ( 'NONE', #2330, #644, #3185, .T. ) ;
#1347 = AXIS2_PLACEMENT_3D ( 'NONE', #2036, #473, #2589 ) ;
#1348 = DIRECTION ( 'NONE',  ( 0.5000000000000002220, 0.000000000000000000, -0.8660254037844384856 ) ) ;
#1349 = CARTESIAN_POINT ( 'NONE',  ( 2.564601479323857625, 14.34748347744189800, 15.00797993664479790 ) ) ;
#1350 = ORIENTED_EDGE ( 'NONE', *, *, #3318, .T. ) ;
#1351 = CARTESIAN_POINT ( 'NONE',  ( 3.673940397442059178E-15, 0.000000000000000000, 30.00000000000000000 ) ) ;
#1352 = FACE_OUTER_BOUND ( 'NONE', #2484, .T. ) ;
#1353 = CIRCLE ( 'NONE', #819, 5.049999999999839062 ) ;
#1354 = CARTESIAN_POINT ( 'NONE',  ( -10.00000000000008527, 6.000000000000000000, -17.32050807568872841 ) ) ;
#1355 = ORIENTED_EDGE ( 'NONE', *, *, #580, .F. ) ;
#1356 = AXIS2_PLACEMENT_3D ( 'NONE', #657, #2680, #1429 ) ;
#1357 = CARTESIAN_POINT ( 'NONE',  ( 0.000000000000000000, 6.000000000000000000, 0.000000000000000000 ) ) ;
#1358 = FACE_BOUND ( 'NONE', #3287, .T. ) ;
#1359 = AXIS2_PLACEMENT_3D ( 'NONE', #2148, #2895, #1642 ) ;
#1360 = ORIENTED_EDGE ( 'NONE', *, *, #2459, .T. ) ;
#1361 = VECTOR ( 'NONE', #314, 1000.000000000000114 ) ;
#1362 = EDGE_CURVE ( 'NONE', #2719, #2328, #2442, .T. ) ;
#1363 = VERTEX_POINT ( 'NONE', #1001 ) ;
#1364 = LINE ( 'NONE', #1876, #2891 ) ;
#1365 = PERSON_AND_ORGANIZATION_ROLE ( 'design_owner' ) ;
#1366 = VECTOR ( 'NONE', #3309, 1000.000000000000114 ) ;
#1367 = EDGE_LOOP ( 'NONE', ( #3070, #2056, #1707, #2608 ) ) ;
#1368 = LINE ( 'NONE', #1124, #303 ) ;
#1369 = CARTESIAN_POINT ( 'NONE',  ( -2.069452425350827962, 14.00000000000000000, 15.86560325544571270 ) ) ;
#1370 = ORIENTED_EDGE ( 'NONE', *, *, #1968, .F. ) ;
#1371 = CARTESIAN_POINT ( 'NONE',  ( 0.000000000000000000, 10.00000000000000000, 0.000000000000000000 ) ) ;
#1372 = CYLINDRICAL_SURFACE ( 'NONE', #988, 1.000000000000000888 ) ;
#1373 = CARTESIAN_POINT ( 'NONE',  ( -20.00000000000000000, 6.000000000000000000, 1.127570259384951496E-13 ) ) ;
#1374 = ORIENTED_EDGE ( 'NONE', *, *, #2341, .F. ) ;
#1375 = ORIENTED_EDGE ( 'NONE', *, *, #1304, .T. ) ;
#1376 = ADVANCED_FACE ( 'NONE', ( #2813 ), #2086, .F. ) ;
#1377 = ORIENTED_EDGE ( 'NONE', *, *, #2503, .T. ) ;
#1378 = CARTESIAN_POINT ( 'NONE',  ( 3.000000000000000000, 24.00000000000000000, 5.196152422706633800 ) ) ;
#1379 = EDGE_CURVE ( 'NONE', #2686, #1951, #510, .T. ) ;
#1380 = ORIENTED_EDGE ( 'NONE', *, *, #2073, .T. ) ;
#1381 = CARTESIAN_POINT ( 'NONE',  ( -1.573279483541717427, 6.500000000000000888, 16.72500000000000497 ) ) ;
#1382 = DIRECTION ( 'NONE',  ( -0.000000000000000000, 1.000000000000000000, -0.000000000000000000 ) ) ;
#1383 = VERTEX_POINT ( 'NONE', #530 ) ;
#1384 = EDGE_CURVE ( 'NONE', #2, #1750, #1536, .T. ) ;
#1385 = DIRECTION ( 'NONE',  ( -0.000000000000000000, -1.000000000000000000, -0.000000000000000000 ) ) ;
#1386 = DIRECTION ( 'NONE',  ( 0.000000000000000000, -0.000000000000000000, -1.000000000000000000 ) ) ;
#1387 = VECTOR ( 'NONE', #2411, 1000.000000000000114 ) ;
#1388 = DIRECTION ( 'NONE',  ( -0.000000000000000000, 1.000000000000000000, -0.000000000000000000 ) ) ;
#1389 = ORIENTED_EDGE ( 'NONE', *, *, #1170, .F. ) ;
#1390 = VERTEX_POINT ( 'NONE', #802 ) ;
#1391 = DIRECTION ( 'NONE',  ( 0.000000000000000000, 0.000000000000000000, -1.000000000000000000 ) ) ;
#1392 = DIRECTION ( 'NONE',  ( -0.000000000000000000, -1.000000000000000000, -0.000000000000000000 ) ) ;
#1393 = DATE_TIME_ROLE ( 'creation_date' ) ;
#1394 = ADVANCED_FACE ( 'NONE', ( #2264 ), #470, .F. ) ;
#1395 = ORIENTED_EDGE ( 'NONE', *, *, #3049, .T. ) ;
#1396 = CARTESIAN_POINT ( 'NONE',  ( 0.000000000000000000, 14.00000000000000000, 0.000000000000000000 ) ) ;
#1397 = ORIENTED_EDGE ( 'NONE', *, *, #3209, .F. ) ;
#1398 = VERTEX_POINT ( 'NONE', #2281 ) ;
#1399 = ADVANCED_FACE ( 'NONE', ( #1819 ), #1555, .F. ) ;
#1400 = VECTOR ( 'NONE', #3174, 1000.000000000000000 ) ;
#1401 = DIRECTION ( 'NONE',  ( -0.4999999999999998890, 0.000000000000000000, -0.8660254037844385966 ) ) ;
#1402 = ADVANCED_FACE ( 'NONE', ( #229 ), #750, .T. ) ;
#1403 = FACE_OUTER_BOUND ( 'NONE', #2068, .T. ) ;
#1404 = VERTEX_POINT ( 'NONE', #2519 ) ;
#1405 = DIRECTION ( 'NONE',  ( -0.000000000000000000, 1.000000000000000000, -0.000000000000000000 ) ) ;
#1406 = ORIENTED_EDGE ( 'NONE', *, *, #3194, .F. ) ;
#1407 = CIRCLE ( 'NONE', #2165, 5.049999999999998934 ) ;
#1408 = ORIENTED_EDGE ( 'NONE', *, *, #346, .T. ) ;
#1409 = PLANE ( 'NONE',  #1512 ) ;
#1410 = DIRECTION ( 'NONE',  ( -0.000000000000000000, -1.000000000000000000, -0.000000000000000000 ) ) ;
#1411 = VECTOR ( 'NONE', #1217, 1000.000000000000114 ) ;
#1412 = AXIS2_PLACEMENT_3D ( 'NONE', #1855, #2403, #298 ) ;
#1413 = VERTEX_POINT ( 'NONE', #268 ) ;
#1414 = LINE ( 'NONE', #2195, #1811 ) ;
#1415 = ORIENTED_EDGE ( 'NONE', *, *, #3210, .F. ) ;
#1416 = VERTEX_POINT ( 'NONE', #3089 ) ;
#1417 = AXIS2_PLACEMENT_3D ( 'NONE', #2882, #1576, #24 ) ;
#1418 = CARTESIAN_POINT ( 'NONE',  ( -11.13118409143177168, 10.00000000000000000, -10.05468750000000000 ) ) ;
#1419 = DIRECTION ( 'NONE',  ( 0.000000000000000000, 0.000000000000000000, 1.000000000000000000 ) ) ;
#1420 = VERTEX_POINT ( 'NONE', #246 ) ;
#1421 = DIRECTION ( 'NONE',  ( 1.000000000000000000, -0.000000000000000000, 0.000000000000000000 ) ) ;
#1422 = EDGE_CURVE ( 'NONE', #3308, #2832, #1281, .T. ) ;
#1423 = ADVANCED_FACE ( 'NONE', ( #3292 ), #2806, .T. ) ;
#1424 = DIRECTION ( 'NONE',  ( -1.000000000000000000, 0.000000000000000000, 0.000000000000000000 ) ) ;
#1425 = ORIENTED_EDGE ( 'NONE', *, *, #1507, .F. ) ;
#1426 = FACE_BOUND ( 'NONE', #1085, .T. ) ;
#1427 = EDGE_LOOP ( 'NONE', ( #1110, #1643, #695, #1688, #442, #2993, #1943 ) ) ;
#1428 = EDGE_CURVE ( 'NONE', #1296, #1956, #3247, .T. ) ;
#1429 = DIRECTION ( 'NONE',  ( 0.000000000000000000, 0.000000000000000000, -1.000000000000000000 ) ) ;
#1430 = CARTESIAN_POINT ( 'NONE',  ( 0.000000000000000000, 6.500000000000000888, -4.274999999999997691 ) ) ;
#1431 = ORIENTED_EDGE ( 'NONE', *, *, #939, .T. ) ;
#1432 = CYLINDRICAL_SURFACE ( 'NONE', #31, 3.050000000000000711 ) ;
#1433 = ORIENTED_EDGE ( 'NONE', *, *, #1736, .T. ) ;
#1434 = ORIENTED_EDGE ( 'NONE', *, *, #3153, .T. ) ;
#1435 = DIRECTION ( 'NONE',  ( 0.000000000000000000, 1.000000000000000000, -0.000000000000000000 ) ) ;
#1436 = FACE_OUTER_BOUND ( 'NONE', #2047, .T. ) ;
#1437 = ORIENTED_EDGE ( 'NONE', *, *, #2533, .T. ) ;
#1438 = FACE_OUTER_BOUND ( 'NONE', #1119, .T. ) ;
#1439 = ADVANCED_FACE ( 'NONE', ( #592 ), #1593, .F. ) ;
#1440 = CARTESIAN_POINT ( 'NONE',  ( 14.27320684782973359, 15.00000000000000000, -4.612544447381122126 ) ) ;
#1441 = CIRCLE ( 'NONE', #189, 15.00000000000000000 ) ;
#1442 = EDGE_CURVE ( 'NONE', #1856, #984, #837, .T. ) ;
#1443 = AXIS2_PLACEMENT_3D ( 'NONE', #2914, #1102, #2929 ) ;
#1444 = DIRECTION ( 'NONE',  ( 0.000000000000000000, 0.000000000000000000, 1.000000000000000000 ) ) ;
#1445 = ORIENTED_EDGE ( 'NONE', *, *, #1938, .T. ) ;
#1446 = VECTOR ( 'NONE', #2727, 1000.000000000000114 ) ;
#1447 = EDGE_CURVE ( 'NONE', #1516, #340, #719, .T. ) ;
#1448 = AXIS2_PLACEMENT_3D ( 'NONE', #2059, #1496, #774 ) ;
#1449 = EDGE_CURVE ( 'NONE', #3144, #1766, #387, .T. ) ;
#1450 = DIRECTION ( 'NONE',  ( 0.000000000000000000, 0.000000000000000000, -1.000000000000000000 ) ) ;
#1451 = COORDINATED_UNIVERSAL_TIME_OFFSET ( 8, 0, .AHEAD. ) ;
#1452 = ORIENTED_EDGE ( 'NONE', *, *, #1379, .T. ) ;
#1453 = CARTESIAN_POINT ( 'NONE',  ( -2.485465536373371531, 14.24209225271731860, 15.14504741053987402 ) ) ;
#1454 = ORIENTED_EDGE ( 'NONE', *, *, #1490, .T. ) ;
#1455 = VERTEX_POINT ( 'NONE', #1867 ) ;
#1456 = CYLINDRICAL_SURFACE ( 'NONE', #2917, 5.049999999999998934 ) ;
#1457 = FACE_BOUND ( 'NONE', #449, .T. ) ;
#1458 = ORIENTED_EDGE ( 'NONE', *, *, #1322, .F. ) ;
#1459 = CARTESIAN_POINT ( 'NONE',  ( -10.00000000000007105, 24.00000000000000000, 20.37050807568873267 ) ) ;
#1460 = FACE_OUTER_BOUND ( 'NONE', #1981, .T. ) ;
#1461 = FACE_OUTER_BOUND ( 'NONE', #2373, .T. ) ;
#1462 = VECTOR ( 'NONE', #1786, 1000.000000000000000 ) ;
#1463 = ORIENTED_EDGE ( 'NONE', *, *, #2666, .F. ) ;
#1464 = CARTESIAN_POINT ( 'NONE',  ( -2.485465536373371531, 14.24209225271731860, 15.14504741053987402 ) ) ;
#1465 = CARTESIAN_POINT ( 'NONE',  ( 8.000000000000000000, 24.00000000000000000, -15.00000000000000178 ) ) ;
#1466 = EDGE_CURVE ( 'NONE', #3257, #843, #2550, .T. ) ;
#1467 = ADVANCED_FACE ( 'NONE', ( #1125, #2883 ), #331, .T. ) ;
#1468 = ORIENTED_EDGE ( 'NONE', *, *, #1853, .T. ) ;
#1469 = CARTESIAN_POINT ( 'NONE',  ( 12.12435565298214435, 0.000000000000000000, -5.449999999999996625 ) ) ;
#1470 = VECTOR ( 'NONE', #2846, 1000.000000000000000 ) ;
#1471 = ORIENTED_EDGE ( 'NONE', *, *, #2096, .T. ) ;
#1472 = VERTEX_POINT ( 'NONE', #349 ) ;
#1473 = AXIS2_PLACEMENT_3D ( 'NONE', #1354, #1109, #3151 ) ;
#1474 = CARTESIAN_POINT ( 'NONE',  ( -9.764436427669552998, 10.00000000000000000, -5.637500000000001954 ) ) ;
#1475 = DIRECTION ( 'NONE',  ( -0.000000000000000000, -1.000000000000000000, -0.000000000000000000 ) ) ;
#1476 = EDGE_LOOP ( 'NONE', ( #1594, #1898, #252, #1434, #3184, #1471 ) ) ;
#1477 = CYLINDRICAL_SURFACE ( 'NONE', #1078, 1.000000000000000888 ) ;
#1478 = FACE_OUTER_BOUND ( 'NONE', #6, .T. ) ;
#1479 = CARTESIAN_POINT ( 'NONE',  ( 20.00000000000000355, 24.00000000000000000, -3.049999999999998046 ) ) ;
#1480 = ORIENTED_EDGE ( 'NONE', *, *, #2798, .T. ) ;
#1481 = DIRECTION ( 'NONE',  ( 0.000000000000000000, 0.000000000000000000, 1.000000000000000000 ) ) ;
#1482 = PERSON_AND_ORGANIZATION_ROLE ( 'design_supplier' ) ;
#1483 = VERTEX_POINT ( 'NONE', #2166 ) ;
#1484 = DIRECTION ( 'NONE',  ( -0.000000000000000000, -1.000000000000000000, -0.000000000000000000 ) ) ;
#1485 = EDGE_CURVE ( 'NONE', #2670, #3001, #2618, .T. ) ;
#1486 = ORIENTED_EDGE ( 'NONE', *, *, #1273, .F. ) ;
#1487 = DIRECTION ( 'NONE',  ( 0.8660254037844387076, 0.000000000000000000, 0.4999999999999998890 ) ) ;
#1488 = CARTESIAN_POINT ( 'NONE',  ( 0.000000000000000000, 10.00000000000000000, 0.000000000000000000 ) ) ;
#1489 = ORIENTED_EDGE ( 'NONE', *, *, #2333, .F. ) ;
#1490 = EDGE_CURVE ( 'NONE', #123, #787, #1577, .T. ) ;
#1491 = CARTESIAN_POINT ( 'NONE',  ( 9.999999999999964473, 10.00000000000000000, 17.32050807568879236 ) ) ;
#1492 = CARTESIAN_POINT ( 'NONE',  ( 14.48427487829473925, 14.00000000000000000, -8.362499999999998934 ) ) ;
#1493 = VERTEX_POINT ( 'NONE', #2417 ) ;
#1494 = DIRECTION ( 'NONE',  ( 0.000000000000000000, 0.000000000000000000, 1.000000000000000000 ) ) ;
#1495 = ORIENTED_EDGE ( 'NONE', *, *, #1362, .T. ) ;
#1496 = DIRECTION ( 'NONE',  ( -0.000000000000000000, 1.000000000000000000, -0.000000000000000000 ) ) ;
#1497 = VECTOR ( 'NONE', #1850, 1000.000000000000000 ) ;
#1498 = DIRECTION ( 'NONE',  ( -0.000000000000000000, -1.000000000000000000, -0.000000000000000000 ) ) ;
#1499 = AXIS2_PLACEMENT_3D ( 'NONE', #1235, #2267, #1264 ) ;
#1500 = CARTESIAN_POINT ( 'NONE',  ( 2.357303866403869019, 14.10094664153910315, 15.36702993450996146 ) ) ;
#1501 = ORIENTED_EDGE ( 'NONE', *, *, #3324, .T. ) ;
#1502 = DIRECTION ( 'NONE',  ( -0.000000000000000000, 1.000000000000000000, -0.000000000000000000 ) ) ;
#1503 = CARTESIAN_POINT ( 'NONE',  ( 3.702258601178482156, 6.500000000000000888, 2.137500000000000622 ) ) ;
#1504 = VERTEX_POINT ( 'NONE', #1068 ) ;
#1505 = LINE ( 'NONE', #494, #3339 ) ;
#1506 = CIRCLE ( 'NONE', #917, 1.549999999999999378 ) ;
#1507 = EDGE_CURVE ( 'NONE', #2530, #1483, #1874, .T. ) ;
#1508 = VERTEX_POINT ( 'NONE', #820 ) ;
#1509 = CARTESIAN_POINT ( 'NONE',  ( 20.00000000000000355, 6.000000000000000000, 3.050000000000001599 ) ) ;
#1510 = LINE ( 'NONE', #2544, #309 ) ;
#1511 = DIRECTION ( 'NONE',  ( 0.000000000000000000, 0.000000000000000000, 1.000000000000000000 ) ) ;
#1512 = AXIS2_PLACEMENT_3D ( 'NONE', #2952, #623, #1325 ) ;
#1513 = VECTOR ( 'NONE', #2699, 1000.000000000000000 ) ;
#1514 = DIRECTION ( 'NONE',  ( 0.5000000000000008882, 0.000000000000000000, 0.8660254037844381525 ) ) ;
#1515 = CARTESIAN_POINT ( 'NONE',  ( 20.00000000000000355, 24.00000000000000000, 1.734723475976807094E-15 ) ) ;
#1516 = VERTEX_POINT ( 'NONE', #2104 ) ;
#1517 = LINE ( 'NONE', #3243, #3191 ) ;
#1518 = DIRECTION ( 'NONE',  ( 0.000000000000000000, 1.000000000000000000, -0.000000000000000000 ) ) ;
#1519 = ORIENTED_EDGE ( 'NONE', *, *, #1015, .F. ) ;
#1520 = CARTESIAN_POINT ( 'NONE',  ( -10.00000000000007105, 6.000000000000000000, 17.32050807568873196 ) ) ;
#1521 = VECTOR ( 'NONE', #2406, 1000.000000000000000 ) ;
#1522 = ORIENTED_EDGE ( 'NONE', *, *, #2966, .F. ) ;
#1523 = CARTESIAN_POINT ( 'NONE',  ( 14.41940952573416190, 14.16127890425126168, -5.525149913714219707 ) ) ;
#1524 = EDGE_CURVE ( 'NONE', #787, #3308, #868, .T. ) ;
#1525 = CARTESIAN_POINT ( 'NONE',  ( 0.000000000000000000, 10.00000000000000000, 0.000000000000000000 ) ) ;
#1526 = ADVANCED_FACE ( 'NONE', ( #89 ), #1891, .F. ) ;
#1527 = AXIS2_PLACEMENT_3D ( 'NONE', #1371, #74, #1949 ) ;
#1528 = DIRECTION ( 'NONE',  ( -0.000000000000000000, 1.000000000000000000, -0.000000000000000000 ) ) ;
#1529 = VERTEX_POINT ( 'NONE', #577 ) ;
#1530 = EDGE_CURVE ( 'NONE', #2520, #2697, #830, .T. ) ;
#1531 = DIRECTION ( 'NONE',  ( 0.000000000000000000, -1.000000000000000000, 0.000000000000000000 ) ) ;
#1532 = DIRECTION ( 'NONE',  ( 0.000000000000000000, 1.000000000000000000, -0.000000000000000000 ) ) ;
#1533 = ORIENTED_EDGE ( 'NONE', *, *, #115, .T. ) ;
#1534 = DIRECTION ( 'NONE',  ( -0.000000000000000000, -1.000000000000000000, 0.000000000000000000 ) ) ;
#1535 = DIRECTION ( 'NONE',  ( 0.000000000000000000, 0.000000000000000000, -1.000000000000000000 ) ) ;
#1536 = LINE ( 'NONE', #1246, #3300 ) ;
#1537 = ORIENTED_EDGE ( 'NONE', *, *, #911, .T. ) ;
#1538 = DIRECTION ( 'NONE',  ( 0.000000000000000000, 1.000000000000000000, -0.000000000000000000 ) ) ;
#1539 = EDGE_LOOP ( 'NONE', ( #2410, #2354, #629, #1028 ) ) ;
#1540 = CARTESIAN_POINT ( 'NONE',  ( -1.573279483541717427, 10.00000000000000000, 11.27500000000000568 ) ) ;
#1541 = CARTESIAN_POINT ( 'NONE',  ( 0.000000000000000000, 6.500000000000000888, 16.72500000000000497 ) ) ;
#1542 = DIRECTION ( 'NONE',  ( 0.000000000000000000, 0.000000000000000000, 1.000000000000000000 ) ) ;
#1543 = PLANE ( 'NONE',  #2870 ) ;
#1544 = ORIENTED_EDGE ( 'NONE', *, *, #2776, .T. ) ;
#1545 = VECTOR ( 'NONE', #2669, 1000.000000000000000 ) ;
#1546 = EDGE_CURVE ( 'NONE', #2000, #578, #2607, .T. ) ;
#1547 = EDGE_CURVE ( 'NONE', #1247, #1827, #3123, .T. ) ;
#1548 = FACE_BOUND ( 'NONE', #1726, .T. ) ;
#1550 = DIRECTION ( 'NONE',  ( 0.000000000000000000, 1.000000000000000000, -0.000000000000000000 ) ) ;
#1549 = CIRCLE ( 'NONE', #805, 1.549999999999999378 ) ;
#1551 = VERTEX_POINT ( 'NONE', #2880 ) ;
#1552 = CARTESIAN_POINT ( 'NONE',  ( 0.000000000000000000, 6.500000000000000888, 14.00000000000000000 ) ) ;
#1553 = PRODUCT_DEFINITION_FORMATION_WITH_SPECIFIED_SOURCE ( 'ä»', '', #909, .NOT_KNOWN. ) ;
#1554 = DIRECTION ( 'NONE',  ( -0.000000000000000000, -1.000000000000000000, -0.000000000000000000 ) ) ;
#1555 = PLANE ( 'NONE',  #1957 ) ;
#1556 = ORIENTED_EDGE ( 'NONE', *, *, #1057, .T. ) ;
#1557 = CARTESIAN_POINT ( 'NONE',  ( 0.000000000000000000, 10.00000000000000000, 0.000000000000000000 ) ) ;
#1558 = AXIS2_PLACEMENT_3D ( 'NONE', #458, #1751, #944 ) ;
#1559 = CARTESIAN_POINT ( 'NONE',  ( 2.999999999999999112, 24.00000000000000000, -5.196152422706632912 ) ) ;
#1560 = CARTESIAN_POINT ( 'NONE',  ( -12.12435565298214613, 14.38406204335659666, -5.449999999999999289 ) ) ;
#1561 = VERTEX_POINT ( 'NONE', #575 ) ;
#1562 = AXIS2_PLACEMENT_3D ( 'NONE', #1763, #3071, #2572 ) ;
#1563 = DIRECTION ( 'NONE',  ( 0.000000000000000000, 1.000000000000000000, -0.000000000000000000 ) ) ;
#1564 = DIRECTION ( 'NONE',  ( -0.000000000000000000, 1.000000000000000000, -0.000000000000000000 ) ) ;
#1565 = CARTESIAN_POINT ( 'NONE',  ( -9.999999999999838352, 0.000000000000000000, 22.37050807568887478 ) ) ;
#1566 = CARTESIAN_POINT ( 'NONE',  ( -13.69763513652387488, 14.00000000000000000, -9.724999999999997868 ) ) ;
#1567 = ORIENTED_EDGE ( 'NONE', *, *, #2919, .T. ) ;
#1568 = CARTESIAN_POINT ( 'NONE',  ( -20.00000000000000000, 24.00000000000000000, -3.050000000000128608 ) ) ;
#1569 = ADVANCED_FACE ( 'NONE', ( #1604 ), #3255, .F. ) ;
#1570 = CARTESIAN_POINT ( 'NONE',  ( -2.999999999999999556, 9.000000000000000000, -5.196152422706632912 ) ) ;
#1571 = LINE ( 'NONE', #2599, #3290 ) ;
#1572 = CARTESIAN_POINT ( 'NONE',  ( 2.485465536373403950, 10.00000000000000000, 15.14504741053985803 ) ) ;
#1573 = AXIS2_PLACEMENT_3D ( 'NONE', #1253, #1598, #292 ) ;
#1574 = ADVANCED_FACE ( 'NONE', ( #2258 ), #727, .F. ) ;
#1575 =( NAMED_UNIT ( * ) SI_UNIT ( $, .STERADIAN. ) SOLID_ANGLE_UNIT ( ) );
#1576 = DIRECTION ( 'NONE',  ( -0.000000000000000000, -1.000000000000000000, 0.000000000000000000 ) ) ;
#1577 = LINE ( 'NONE', #25, #607 ) ;
#1578 = ORIENTED_EDGE ( 'NONE', *, *, #305, .F. ) ;
#1579 = CARTESIAN_POINT ( 'NONE',  ( -14.35872856723395152, 14.24209225271732215, -5.420047410539859278 ) ) ;
#1580 = CARTESIAN_POINT ( 'NONE',  ( 0.000000000000000000, 14.38406204335659666, 14.00000000000000000 ) ) ;
#1581 = ORIENTED_EDGE ( 'NONE', *, *, #1530, .F. ) ;
#1582 = CYLINDRICAL_SURFACE ( 'NONE', #3154, 3.049999999999999822 ) ;
#1583 = VECTOR ( 'NONE', #1926, 1000.000000000000000 ) ;
#1584 = LINE ( 'NONE', #3113, #2380 ) ;
#1585 = VECTOR ( 'NONE', #776, 1000.000000000000000 ) ;
#1586 = VERTEX_POINT ( 'NONE', #3082 ) ;
#1587 = VECTOR ( 'NONE', #2183, 1000.000000000000000 ) ;
#1588 = DIRECTION ( 'NONE',  ( 1.000000000000000000, 0.000000000000000000, -0.000000000000000000 ) ) ;
#1589 = DIRECTION ( 'NONE',  ( 0.000000000000000000, 0.000000000000000000, 1.000000000000000000 ) ) ;
#1590 = EDGE_LOOP ( 'NONE', ( #2292, #1501, #233, #398 ) ) ;
#1591 = CARTESIAN_POINT ( 'NONE',  ( 20.00000000000000355, 6.000000000000000000, -5.050000000000278710 ) ) ;
#1592 = DIRECTION ( 'NONE',  ( 0.000000000000000000, 0.000000000000000000, 1.000000000000000000 ) ) ;
#1593 = CYLINDRICAL_SURFACE ( 'NONE', #1139, 15.00000000000000000 ) ;
#1594 = ORIENTED_EDGE ( 'NONE', *, *, #2708, .T. ) ;
#1595 = DIRECTION ( 'NONE',  ( 0.4999999999999997224, 0.000000000000000000, -0.8660254037844388186 ) ) ;
#1596 = EDGE_CURVE ( 'NONE', #745, #174, #2788, .T. ) ;
#1597 = DIRECTION ( 'NONE',  ( -0.000000000000000000, 1.000000000000000000, -0.000000000000000000 ) ) ;
#1598 = DIRECTION ( 'NONE',  ( -0.8660254037844388186, 0.000000000000000000, -0.4999999999999997224 ) ) ;
#1599 = ORIENTED_EDGE ( 'NONE', *, *, #875, .F. ) ;
#1600 = ORIENTED_EDGE ( 'NONE', *, *, #2962, .T. ) ;
#1601 = ORIENTED_EDGE ( 'NONE', *, *, #939, .F. ) ;
#1602 = CARTESIAN_POINT ( 'NONE',  ( -14.48689023720347180, 14.10094664153911026, -5.642029934509951161 ) ) ;
#1603 = AXIS2_PLACEMENT_3D ( 'NONE', #1848, #2791, #2329 ) ;
#1604 = FACE_OUTER_BOUND ( 'NONE', #1711, .T. ) ;
#1605 = FACE_OUTER_BOUND ( 'NONE', #2035, .T. ) ;
#1606 = CARTESIAN_POINT ( 'NONE',  ( 0.000000000000000000, 0.000000000000000000, 14.00000000000000000 ) ) ;
#1607 = ORIENTED_EDGE ( 'NONE', *, *, #792, .F. ) ;
#1608 = AXIS2_PLACEMENT_3D ( 'NONE', #2055, #199, #2797 ) ;
#1609 = CC_DESIGN_APPROVAL ( #705, ( #1553 ) ) ;
#1610 = FACE_OUTER_BOUND ( 'NONE', #3198, .T. ) ;
#1611 = CARTESIAN_POINT ( 'NONE',  ( 0.000000000000000000, 6.500000000000000888, -4.274999999999997691 ) ) ;
#1612 = AXIS2_PLACEMENT_3D ( 'NONE', #1237, #1989, #977 ) ;
#1613 = ADVANCED_FACE ( 'NONE', ( #1548, #780 ), #505, .T. ) ;
#1614 = EDGE_CURVE ( 'NONE', #2731, #2012, #620, .T. ) ;
#1615 = CIRCLE ( 'NONE', #260, 3.050000000000241407 ) ;
#1616 = ORIENTED_EDGE ( 'NONE', *, *, #1507, .T. ) ;
#1617 = ORIENTED_EDGE ( 'NONE', *, *, #2863, .T. ) ;
#1618 = FACE_OUTER_BOUND ( 'NONE', #1039, .T. ) ;
#1619 = CIRCLE ( 'NONE', #2002, 30.00000000000000000 ) ;
#1620 = CARTESIAN_POINT ( 'NONE',  ( 10.00000000000020606, 0.000000000000000000, 22.37050807568865807 ) ) ;
#1621 = CIRCLE ( 'NONE', #874, 3.050000000000000711 ) ;
#1622 = CARTESIAN_POINT ( 'NONE',  ( -2.357303866403843706, 14.10094664153910493, 15.36702993450997745 ) ) ;
#1623 = VERTEX_POINT ( 'NONE', #225 ) ;
#1624 = AXIS2_PLACEMENT_3D ( 'NONE', #410, #2426, #1174 ) ;
#1625 = CARTESIAN_POINT ( 'NONE',  ( 2.485465536373404838, 6.500000000000000888, 15.14504741053985626 ) ) ;
#1626 = CARTESIAN_POINT ( 'NONE',  ( -5.999999999999998224, 24.00000000000000000, 1.734723475976807094E-15 ) ) ;
#1627 = CARTESIAN_POINT ( 'NONE',  ( -8.000000000000000000, 10.00000000000000000, -26.83281572999747056 ) ) ;
#1628 = ORIENTED_EDGE ( 'NONE', *, *, #769, .T. ) ;
#1629 = EDGE_CURVE ( 'NONE', #2944, #916, #2312, .T. ) ;
#1630 = EDGE_CURVE ( 'NONE', #969, #3245, #3028, .T. ) ;
#1631 = AXIS2_PLACEMENT_3D ( 'NONE', #3069, #2017, #492 ) ;
#1632 = ORIENTED_EDGE ( 'NONE', *, *, #618, .F. ) ;
#1633 = AXIS2_PLACEMENT_3D ( 'NONE', #1942, #3012, #1226 ) ;
#1634 = ADVANCED_FACE ( 'NONE', ( #358 ), #99, .T. ) ;
#1635 = AXIS2_PLACEMENT_3D ( 'NONE', #2534, #1487, #1998 ) ;
#1636 = CARTESIAN_POINT ( 'NONE',  ( -9.999999999999838352, 0.000000000000000000, 17.32050807568887407 ) ) ;
#1637 = CARTESIAN_POINT ( 'NONE',  ( 10.55107616944041027, 6.500000000000000888, -9.725000000000010303 ) ) ;
#1638 = PERSON_AND_ORGANIZATION ( #3285, #2102 ) ;
#1639 = AXIS2_PLACEMENT_3D ( 'NONE', #3088, #1554, #2586 ) ;
#1640 = EDGE_LOOP ( 'NONE', ( #1864, #898, #1739, #3181 ) ) ;
#1641 = CARTESIAN_POINT ( 'NONE',  ( 0.000000000000000000, 14.38406204335659666, 14.00000000000000000 ) ) ;
#1642 = DIRECTION ( 'NONE',  ( 0.000000000000000000, 0.000000000000000000, 1.000000000000000000 ) ) ;
#1643 = ORIENTED_EDGE ( 'NONE', *, *, #856, .T. ) ;
#1644 = CARTESIAN_POINT ( 'NONE',  ( 20.00000000000000355, 6.000000000000000000, -3.049999999999998046 ) ) ;
#1645 = CARTESIAN_POINT ( 'NONE',  ( 14.35872856723394975, 14.24209225271731682, -5.420047410539881483 ) ) ;
#1646 = FACE_BOUND ( 'NONE', #539, .T. ) ;
#1647 = ORIENTED_EDGE ( 'NONE', *, *, #685, .F. ) ;
#1648 = ORIENTED_EDGE ( 'NONE', *, *, #1524, .F. ) ;
#1649 = CARTESIAN_POINT ( 'NONE',  ( 3.142022756397977012, 10.00000000000000000, 14.66723194738111502 ) ) ;
#1650 = DIRECTION ( 'NONE',  ( 0.000000000000000000, 1.000000000000000000, -0.000000000000000000 ) ) ;
#1651 = EDGE_CURVE ( 'NONE', #2790, #2595, #38, .T. ) ;
#1652 = ADVANCED_FACE ( 'NONE', ( #2749 ), #691, .F. ) ;
#1653 = ORIENTED_EDGE ( 'NONE', *, *, #597, .F. ) ;
#1654 = LINE ( 'NONE', #609, #1545 ) ;
#1655 = ORIENTED_EDGE ( 'NONE', *, *, #1442, .F. ) ;
#1656 = ORIENTED_EDGE ( 'NONE', *, *, #156, .T. ) ;
#1657 = VECTOR ( 'NONE', #486, 1000.000000000000000 ) ;
#1658 = CARTESIAN_POINT ( 'NONE',  ( 8.422097051803675072, 6.500000000000000888, 4.862500000000004263 ) ) ;
#1659 = CARTESIAN_POINT ( 'NONE',  ( 9.999999999999914735, 0.000000000000000000, -12.27050807568898172 ) ) ;
#1660 = VECTOR ( 'NONE', #783, 1000.000000000000000 ) ;
#1661 = DIRECTION ( 'NONE',  ( 0.000000000000000000, 0.000000000000000000, 1.000000000000000000 ) ) ;
#1662 = EDGE_LOOP ( 'NONE', ( #3240, #2549, #118, #1965, #52, #949, #1350 ) ) ;
#1663 = ORIENTED_EDGE ( 'NONE', *, *, #833, .F. ) ;
#1664 = AXIS2_PLACEMENT_3D ( 'NONE', #822, #3297, #202 ) ;
#1665 = FACE_OUTER_BOUND ( 'NONE', #523, .T. ) ;
#1666 = VECTOR ( 'NONE', #669, 1000.000000000000000 ) ;
#1667 = CARTESIAN_POINT ( 'NONE',  ( -20.00000000000000000, 0.000000000000000000, 5.050000000000089528 ) ) ;
#1668 = EDGE_LOOP ( 'NONE', ( #329, #1045, #3146, #421 ) ) ;
#1669 = PLANE ( 'NONE',  #903 ) ;
#1670 = ADVANCED_FACE ( 'NONE', ( #2973 ), #1937, .F. ) ;
#1671 = ORIENTED_EDGE ( 'NONE', *, *, #3066, .T. ) ;
#1672 = EDGE_LOOP ( 'NONE', ( #2031, #1452, #2857, #2452, #1406, #1091 ) ) ;
#1673 = ADVANCED_FACE ( 'NONE', ( #3027 ), #2445, .F. ) ;
#1674 = VECTOR ( 'NONE', #1055, 1000.000000000000227 ) ;
#1675 = CARTESIAN_POINT ( 'NONE',  ( 9.764436427669549445, 6.500000000000000888, -5.637500000000006395 ) ) ;
#1676 = DIRECTION ( 'NONE',  ( 0.000000000000000000, 1.000000000000000000, -0.000000000000000000 ) ) ;
#1677 = EDGE_LOOP ( 'NONE', ( #48, #2868, #72, #957 ) ) ;
#1678 = DIRECTION ( 'NONE',  ( -0.000000000000000000, -1.000000000000000000, -0.000000000000000000 ) ) ;
#1679 = DIRECTION ( 'NONE',  ( 0.000000000000000000, 0.000000000000000000, 1.000000000000000000 ) ) ;
#1680 = ORIENTED_EDGE ( 'NONE', *, *, #2839, .F. ) ;
#1681 = FACE_OUTER_BOUND ( 'NONE', #869, .T. ) ;
#1682 = EDGE_LOOP ( 'NONE', ( #2763, #315, #1974, #244 ) ) ;
#1683 = CARTESIAN_POINT ( 'NONE',  ( -2.664993996143221189, 14.46899022361889386, 14.90502690903026384 ) ) ;
#1684 = FACE_BOUND ( 'NONE', #2140, .T. ) ;
#1685 = AXIS2_PLACEMENT_3D ( 'NONE', #1087, #825, #2872 ) ;
#1686 = CIRCLE ( 'NONE', #2070, 5.049999999999998046 ) ;
#1687 = EDGE_CURVE ( 'NONE', #2328, #2719, #1311, .T. ) ;
#1688 = ORIENTED_EDGE ( 'NONE', *, *, #2145, .T. ) ;
#1689 = CARTESIAN_POINT ( 'NONE',  ( -14.35872856723394264, 6.500000000000000888, -5.420047410539845067 ) ) ;
#1690 = B_SPLINE_CURVE_WITH_KNOTS ( 'NONE', 3,
 ( #2039, #1523, #3058, #291, #3095, #2559 ),
 .UNSPECIFIED., .F., .F.,
 ( 4, 2, 4 ),
 ( 0.0001617085089285400889, 0.0005979346845316831256, 0.001034160860134826325 ),
 .UNSPECIFIED. ) ;
#1691 = VERTEX_POINT ( 'NONE', #2733 ) ;
#1692 = VERTEX_POINT ( 'NONE', #2009 ) ;
#1693 = VECTOR ( 'NONE', #1777, 1000.000000000000000 ) ;
#1694 = CC_DESIGN_PERSON_AND_ORGANIZATION_ASSIGNMENT ( #154, #981, ( #1553 ) ) ;
#1695 = CARTESIAN_POINT ( 'NONE',  ( -9.999999999999838352, 6.000000000000000000, 12.27050807568887336 ) ) ;
#1696 = FACE_OUTER_BOUND ( 'NONE', #3024, .T. ) ;
#1697 = ORIENTED_EDGE ( 'NONE', *, *, #975, .F. ) ;
#1698 = CARTESIAN_POINT ( 'NONE',  ( 0.000000000000000000, 24.00000000000000000, 0.000000000000000000 ) ) ;
#1699 = CARTESIAN_POINT ( 'NONE',  ( 0.000000000000000000, 14.00000000000000000, -9.724999999999997868 ) ) ;
#1700 = EDGE_CURVE ( 'NONE', #2530, #2295, #1836, .T. ) ;
#1701 = CARTESIAN_POINT ( 'NONE',  ( -15.22475397101838546, 10.00000000000000000, -4.920047410539845067 ) ) ;
#1702 = ORIENTED_EDGE ( 'NONE', *, *, #2252, .F. ) ;
#1703 = FACE_OUTER_BOUND ( 'NONE', #1476, .T. ) ;
#1704 = PERSON_AND_ORGANIZATION ( #3285, #2102 ) ;
#1705 = ORIENTED_EDGE ( 'NONE', *, *, #689, .F. ) ;
#1706 = CARTESIAN_POINT ( 'NONE',  ( 0.000000000000000000, 6.500000000000000888, 0.000000000000000000 ) ) ;
#1707 = ORIENTED_EDGE ( 'NONE', *, *, #2988, .T. ) ;
#1708 = ORIENTED_EDGE ( 'NONE', *, *, #520, .F. ) ;
#1709 = DIRECTION ( 'NONE',  ( 0.5000000000000001110, 0.000000000000000000, 0.8660254037844385966 ) ) ;
#1710 = DIRECTION ( 'NONE',  ( -0.000000000000000000, -1.000000000000000000, -0.000000000000000000 ) ) ;
#1711 = EDGE_LOOP ( 'NONE', ( #1647, #952, #1757, #447 ) ) ;
#1712 = DIRECTION ( 'NONE',  ( 0.000000000000000000, 0.000000000000000000, -1.000000000000000000 ) ) ;
#1713 = CIRCLE ( 'NONE', #2412, 1.999999999999998224 ) ;
#1714 = CARTESIAN_POINT ( 'NONE',  ( 0.000000000000000000, 24.00000000000000000, 0.000000000000000000 ) ) ;
#1715 = CIRCLE ( 'NONE', #693, 5.050000000000000711 ) ;
#1716 = DIRECTION ( 'NONE',  ( -0.000000000000000000, -1.000000000000000000, -0.000000000000000000 ) ) ;
#1717 = B_SPLINE_CURVE_WITH_KNOTS ( 'NONE', 3,
 ( #1137, #2177, #3356, #810, #2855, #1440 ),
 .UNSPECIFIED., .F., .F.,
 ( 4, 2, 4 ),
 ( 1.979789979614462795E-17, 0.0005606768523658289295, 0.001121353704731637910 ),
 .UNSPECIFIED. ) ;
#1718 = ORIENTED_EDGE ( 'NONE', *, *, #37, .F. ) ;
#1719 = EDGE_CURVE ( 'NONE', #1990, #2271, #1198, .T. ) ;
#1720 = AXIS2_PLACEMENT_3D ( 'NONE', #2854, #809, #1542 ) ;
#1721 = CARTESIAN_POINT ( 'NONE',  ( -9.999999999999838352, 6.000000000000000000, 17.32050807568887407 ) ) ;
#1722 = CARTESIAN_POINT ( 'NONE',  ( -3.000000000000000000, 9.000000000000000000, 5.196152422706632024 ) ) ;
#1723 = ORIENTED_EDGE ( 'NONE', *, *, #600, .F. ) ;
#1724 = LINE ( 'NONE', #696, #853 ) ;
#1725 = VERTEX_POINT ( 'NONE', #2256 ) ;
#1726 = EDGE_LOOP ( 'NONE', ( #152, #2482 ) ) ;
#1727 = CARTESIAN_POINT ( 'NONE',  ( 0.000000000000000000, 10.00000000000000000, -9.724999999999997868 ) ) ;
#1728 = DIRECTION ( 'NONE',  ( 0.000000000000000000, 0.000000000000000000, -1.000000000000000000 ) ) ;
#1729 = VERTEX_POINT ( 'NONE', #2208 ) ;
#1730 = DIRECTION ( 'NONE',  ( 0.000000000000000000, 0.000000000000000000, 1.000000000000000000 ) ) ;
#1731 = DIRECTION ( 'NONE',  ( 0.000000000000000000, 0.000000000000000000, 1.000000000000000000 ) ) ;
#1732 = DIRECTION ( 'NONE',  ( -0.000000000000000000, -1.000000000000000000, 0.000000000000000000 ) ) ;
#1733 = AXIS2_PLACEMENT_3D ( 'NONE', #1627, #1340, #1661 ) ;
#1734 = ORIENTED_EDGE ( 'NONE', *, *, #1127, .T. ) ;
#1735 = EDGE_CURVE ( 'NONE', #2884, #1803, #2698, .T. ) ;
#1736 = EDGE_CURVE ( 'NONE', #633, #601, #3188, .T. ) ;
#1737 = CARTESIAN_POINT ( 'NONE',  ( 0.000000000000000000, 10.00000000000000000, 0.000000000000000000 ) ) ;
#1738 = EDGE_CURVE ( 'NONE', #984, #990, #906, .T. ) ;
#1739 = ORIENTED_EDGE ( 'NONE', *, *, #1176, .F. ) ;
#1740 = CARTESIAN_POINT ( 'NONE',  ( 2.215837206055854214, 14.02008613451835473, 15.61205737780982084 ) ) ;
#1741 = AXIS2_PLACEMENT_3D ( 'NONE', #2136, #3156, #857 ) ;
#1742 = ORIENTED_EDGE ( 'NONE', *, *, #1774, .F. ) ;
#1743 = AXIS2_PLACEMENT_3D ( 'NONE', #538, #1241, #258 ) ;
#1744 = CARTESIAN_POINT ( 'NONE',  ( 4.500000000000000000, 24.00000000000000000, -2.598076211353316456 ) ) ;
#1745 = DIRECTION ( 'NONE',  ( 0.000000000000000000, 0.000000000000000000, -1.000000000000000000 ) ) ;
#1746 = ORIENTED_EDGE ( 'NONE', *, *, #1801, .F. ) ;
#1747 = AXIS2_PLACEMENT_3D ( 'NONE', #2898, #1113, #145 ) ;
#1748 = CARTESIAN_POINT ( 'NONE',  ( 12.12435565298214435, 14.38406204335659666, -5.449999999999996625 ) ) ;
#1749 = DIRECTION ( 'NONE',  ( 0.000000000000000000, 1.000000000000000000, -0.000000000000000000 ) ) ;
#1750 = VERTEX_POINT ( 'NONE', #926 ) ;
#1751 = DIRECTION ( 'NONE',  ( -0.000000000000000000, -1.000000000000000000, -0.000000000000000000 ) ) ;
#1752 = VERTEX_POINT ( 'NONE', #1958 ) ;
#1753 = FACE_OUTER_BOUND ( 'NONE', #1682, .T. ) ;
#1754 = APPROVAL_DATE_TIME ( #676, #705 ) ;
#1755 = ORIENTED_EDGE ( 'NONE', *, *, #1983, .F. ) ;
#1756 = CARTESIAN_POINT ( 'NONE',  ( 9.999999999999964473, 24.00000000000000000, 17.32050807568879236 ) ) ;
#1757 = ORIENTED_EDGE ( 'NONE', *, *, #637, .T. ) ;
#1758 = EDGE_CURVE ( 'NONE', #2924, #1123, #674, .T. ) ;
#1759 = EDGE_CURVE ( 'NONE', #2944, #2847, #3249, .T. ) ;
#1760 = LINE ( 'NONE', #1727, #1693 ) ;
#1761 = DIRECTION ( 'NONE',  ( 0.000000000000000000, -1.000000000000000000, 0.000000000000000000 ) ) ;
#1762 = VERTEX_POINT ( 'NONE', #2578 ) ;
#1763 = CARTESIAN_POINT ( 'NONE',  ( 11.87326303086054757, 10.00000000000000000, -10.72500000000000853 ) ) ;
#1764 = ORIENTED_EDGE ( 'NONE', *, *, #873, .T. ) ;
#1765 = LINE ( 'NONE', #2356, #3197 ) ;
#1766 = VERTEX_POINT ( 'NONE', #205 ) ;
#1767 = CARTESIAN_POINT ( 'NONE',  ( 0.000000000000000000, 24.00000000000000000, -5.196152422706632912 ) ) ;
#1768 = CIRCLE ( 'NONE', #800, 1.550000000000000266 ) ;
#1769 = CARTESIAN_POINT ( 'NONE',  ( -10.00000000000008527, 24.00000000000000000, -17.32050807568872841 ) ) ;
#1770 = AXIS2_PLACEMENT_3D ( 'NONE', #1988, #2003, #1679 ) ;
#1771 = CARTESIAN_POINT ( 'NONE',  ( 1.573279483541738744, 6.500000000000000888, 11.27500000000000568 ) ) ;
#1772 = ORIENTED_EDGE ( 'NONE', *, *, #1807, .T. ) ;
#1773 = AXIS2_PLACEMENT_3D ( 'NONE', #1557, #270, #1305 ) ;
#1774 = EDGE_CURVE ( 'NONE', #2116, #1887, #3303, .T. ) ;
#1775 = VECTOR ( 'NONE', #2054, 1000.000000000000000 ) ;
#1776 = ADVANCED_FACE ( 'NONE', ( #1312 ), #2274, .F. ) ;
#1777 = DIRECTION ( 'NONE',  ( -1.000000000000000000, 0.000000000000000000, 0.000000000000000000 ) ) ;
#1778 = ADVANCED_FACE ( 'NONE', ( #3301 ), #2347, .T. ) ;
#1779 = CARTESIAN_POINT ( 'NONE',  ( -8.000000000000000000, 24.00000000000000000, -26.83281572999747056 ) ) ;
#1780 = EDGE_LOOP ( 'NONE', ( #1798, #688 ) ) ;
#1781 = LINE ( 'NONE', #733, #3228 ) ;
#1782 = CIRCLE ( 'NONE', #255, 1.000000000000000888 ) ;
#1783 = EDGE_CURVE ( 'NONE', #3308, #984, #1060, .T. ) ;
#1784 = VERTEX_POINT ( 'NONE', #2135 ) ;
#1785 = CARTESIAN_POINT ( 'NONE',  ( -14.77474167825648621, 14.00000000000000000, -6.140603255445681086 ) ) ;
#1786 = DIRECTION ( 'NONE',  ( -0.000000000000000000, -1.000000000000000000, -0.000000000000000000 ) ) ;
#1787 = LINE ( 'NONE', #521, #991 ) ;
#1788 = AXIS2_PLACEMENT_3D ( 'NONE', #2345, #1564, #2560 ) ;
#1789 = VERTEX_POINT ( 'NONE', #2766 ) ;
#1790 = CIRCLE ( 'NONE', #655, 1.999999999999998224 ) ;
#1791 = DIRECTION ( 'NONE',  ( 0.000000000000000000, 0.000000000000000000, -1.000000000000000000 ) ) ;
#1792 = ORIENTED_EDGE ( 'NONE', *, *, #1059, .F. ) ;
#1793 = CARTESIAN_POINT ( 'NONE',  ( 10.00000000000020606, 6.000000000000000000, 17.32050807568865736 ) ) ;
#1794 = APPLICATION_PROTOCOL_DEFINITION ( 'international standard', 'config_control_design', 1994, #2440 ) ;
#1795 = AXIS2_PLACEMENT_3D ( 'NONE', #1606, #2632, #564 ) ;
#1796 = CARTESIAN_POINT ( 'NONE',  ( 0.000000000000000000, 6.500000000000000888, 11.27500000000000568 ) ) ;
#1797 = CARTESIAN_POINT ( 'NONE',  ( 10.00000000000020606, 6.000000000000000000, 22.37050807568865807 ) ) ;
#1798 = ORIENTED_EDGE ( 'NONE', *, *, #1630, .T. ) ;
#1799 = FACE_OUTER_BOUND ( 'NONE', #129, .T. ) ;
#1800 = CIRCLE ( 'NONE', #328, 3.049999999999998934 ) ;
#1801 = EDGE_CURVE ( 'NONE', #1455, #1296, #1292, .T. ) ;
#1802 = CARTESIAN_POINT ( 'NONE',  ( -10.00000000000007105, 6.000000000000000000, 20.37050807568873267 ) ) ;
#1803 = VERTEX_POINT ( 'NONE', #3079 ) ;
#1804 = VECTOR ( 'NONE', #1818, 1000.000000000000114 ) ;
#1805 = CARTESIAN_POINT ( 'NONE',  ( 0.000000000000000000, 24.00000000000000000, 0.000000000000000000 ) ) ;
#1806 = CARTESIAN_POINT ( 'NONE',  ( -14.35872856723395152, 14.24209225271732215, -5.420047410539859278 ) ) ;
#1807 = EDGE_CURVE ( 'NONE', #1262, #601, #2060, .T. ) ;
#1808 = EDGE_CURVE ( 'NONE', #2771, #1472, #1800, .T. ) ;
#1809 = DIRECTION ( 'NONE',  ( 0.000000000000000000, 1.000000000000000000, -0.000000000000000000 ) ) ;
#1810 = ADVANCED_FACE ( 'NONE', ( #1008 ), #1812, .F. ) ;
#1811 = VECTOR ( 'NONE', #330, 1000.000000000000000 ) ;
#1812 = CYLINDRICAL_SURFACE ( 'NONE', #2226, 1.550000000000000266 ) ;
#1813 = EDGE_LOOP ( 'NONE', ( #1599, #1607 ) ) ;
#1814 = DIRECTION ( 'NONE',  ( 0.000000000000000000, -0.000000000000000000, -1.000000000000000000 ) ) ;
#1815 = DIRECTION ( 'NONE',  ( 0.000000000000000000, 0.000000000000000000, -1.000000000000000000 ) ) ;
#1816 = ORIENTED_EDGE ( 'NONE', *, *, #1234, .F. ) ;
#1817 = CYLINDRICAL_SURFACE ( 'NONE', #1115, 3.050000000000241407 ) ;
#1818 = DIRECTION ( 'NONE',  ( -0.5000000000000006661, 0.000000000000000000, -0.8660254037844382635 ) ) ;
#1819 = FACE_OUTER_BOUND ( 'NONE', #1980, .T. ) ;
#1820 = ORIENTED_EDGE ( 'NONE', *, *, #1546, .F. ) ;
#1821 = FACE_OUTER_BOUND ( 'NONE', #1640, .T. ) ;
#1822 = ORIENTED_EDGE ( 'NONE', *, *, #1938, .F. ) ;
#1823 = DIRECTION ( 'NONE',  ( 0.000000000000000000, -1.000000000000000000, 0.000000000000000000 ) ) ;
#1824 = CYLINDRICAL_SURFACE ( 'NONE', #1788, 6.000000000000001776 ) ;
#1825 = CARTESIAN_POINT ( 'NONE',  ( -15.27091462006560718, 6.500000000000000888, -6.999999999999995559 ) ) ;
#1826 = ADVANCED_FACE ( 'NONE', ( #1753 ), #2546, .F. ) ;
#1827 = VERTEX_POINT ( 'NONE', #2291 ) ;
#1828 = AXIS2_PLACEMENT_3D ( 'NONE', #1515, #4, #814 ) ;
#1830 = CYLINDRICAL_SURFACE ( 'NONE', #1330, 5.050000000000000711 ) ;
#1829 = AXIS2_PLACEMENT_3D ( 'NONE', #1714, #2762, #1731 ) ;
#1831 = DIRECTION ( 'NONE',  ( 0.000000000000000000, 0.000000000000000000, 1.000000000000000000 ) ) ;
#1832 = CARTESIAN_POINT ( 'NONE',  ( 14.72500000000000320, 10.00000000000000000, -2.859086392538696675 ) ) ;
#1833 = AXIS2_PLACEMENT_3D ( 'NONE', #17, #3042, #3098 ) ;
#1834 = CARTESIAN_POINT ( 'NONE',  ( 11.13118409143176457, 10.00000000000000000, -10.05468750000000888 ) ) ;
#1835 = DIRECTION ( 'NONE',  ( 0.000000000000000000, 0.000000000000000000, 1.000000000000000000 ) ) ;
#1836 = B_SPLINE_CURVE_WITH_KNOTS ( 'NONE', 3,
 ( #1464, #119, #1683, #3268, #2191, #964 ),
 .UNSPECIFIED., .F., .F.,
 ( 4, 2, 4 ),
 ( 2.008087602934885675E-17, 0.0005606768523658263274, 0.001121353704731632706 ),
 .UNSPECIFIED. ) ;
#1837 = ORIENTED_EDGE ( 'NONE', *, *, #3099, .F. ) ;
#1838 = CARTESIAN_POINT ( 'NONE',  ( -3.351490940157816567, 10.00000000000000000, 15.64504741053986159 ) ) ;
#1839 = CARTESIAN_POINT ( 'NONE',  ( 0.000000000000000000, 10.00000000000000000, 0.000000000000000000 ) ) ;
#1840 = ORIENTED_EDGE ( 'NONE', *, *, #1899, .T. ) ;
#1841 = CARTESIAN_POINT ( 'NONE',  ( -10.00000000000007105, 6.000000000000000000, 14.27050807568873125 ) ) ;
#1842 = DIRECTION ( 'NONE',  ( -0.000000000000000000, 1.000000000000000000, -0.000000000000000000 ) ) ;
#1843 = VERTEX_POINT ( 'NONE', #2804 ) ;
#1844 = AXIS2_PLACEMENT_3D ( 'NONE', #441, #1289, #3040 ) ;
#1845 = EDGE_CURVE ( 'NONE', #2832, #2765, #3316, .T. ) ;
#1846 = PRODUCT_RELATED_PRODUCT_CATEGORY ( 'detail', '', ( #909 ) ) ;
#1847 = CIRCLE ( 'NONE', #2682, 1.999999999999998224 ) ;
#1848 = CARTESIAN_POINT ( 'NONE',  ( 0.000000000000000000, 15.00000000000000000, 0.000000000000000000 ) ) ;
#1849 = DIRECTION ( 'NONE',  ( 0.000000000000000000, 1.000000000000000000, -0.000000000000000000 ) ) ;
#1850 = DIRECTION ( 'NONE',  ( 0.4999999999999996669, -0.000000000000000000, -0.8660254037844388186 ) ) ;
#1851 = CIRCLE ( 'NONE', #2221, 2.000000000000000000 ) ;
#1852 = DIRECTION ( 'NONE',  ( 1.000000000000000000, 0.000000000000000000, 0.000000000000000000 ) ) ;
#1853 = EDGE_CURVE ( 'NONE', #611, #1956, #1787, .T. ) ;
#1854 = DIRECTION ( 'NONE',  ( 0.000000000000000000, 0.000000000000000000, -1.000000000000000000 ) ) ;
#1855 = CARTESIAN_POINT ( 'NONE',  ( -12.12435565298214613, 14.38406204335659666, -6.999999999999998224 ) ) ;
#1856 = VERTEX_POINT ( 'NONE', #1566 ) ;
#1857 = CARTESIAN_POINT ( 'NONE',  ( -4.500000000000000000, 24.00000000000000000, -2.598076211353313791 ) ) ;
#1858 = LINE ( 'NONE', #568, #1138 ) ;
#1859 = VECTOR ( 'NONE', #3187, 1000.000000000000000 ) ;
#1860 = CARTESIAN_POINT ( 'NONE',  ( -3.000000000000000000, 9.000000000000000000, 5.196152422706632024 ) ) ;
#1861 = VECTOR ( 'NONE', #2596, 1000.000000000000000 ) ;
#1862 = ORIENTED_EDGE ( 'NONE', *, *, #346, .F. ) ;
#1863 = CIRCLE ( 'NONE', #2609, 1.549999999999999378 ) ;
#1864 = ORIENTED_EDGE ( 'NONE', *, *, #1530, .T. ) ;
#1865 = PLANE ( 'NONE',  #1928 ) ;
#1866 = DIRECTION ( 'NONE',  ( 0.000000000000000000, 0.000000000000000000, -1.000000000000000000 ) ) ;
#1867 = CARTESIAN_POINT ( 'NONE',  ( 0.000000000000000000, 6.500000000000000888, 12.45000000000000107 ) ) ;
#1868 = EDGE_LOOP ( 'NONE', ( #2022, #2052, #3225, #3201 ) ) ;
#1869 = EDGE_CURVE ( 'NONE', #1766, #1166, #1269, .T. ) ;
#1870 = CARTESIAN_POINT ( 'NONE',  ( 0.000000000000000000, 24.00000000000000000, -30.00000000000000000 ) ) ;
#1871 = PLANE ( 'NONE',  #1948 ) ;
#1872 = ORIENTED_EDGE ( 'NONE', *, *, #726, .T. ) ;
#1873 = EDGE_CURVE ( 'NONE', #2927, #1238, #1686, .T. ) ;
#1874 = B_SPLINE_CURVE_WITH_KNOTS ( 'NONE', 3,
 ( #3183, #2132, #1622, #2119, #3137, #1369 ),
 .UNSPECIFIED., .F., .F.,
 ( 4, 2, 4 ),
 ( 0.0001617085089285368905, 0.0005979346845316805235, 0.001034160860134824157 ),
 .UNSPECIFIED. ) ;
#1875 = LINE ( 'NONE', #1722, #1513 ) ;
#1876 = CARTESIAN_POINT ( 'NONE',  ( 9.999999999999964473, 24.00000000000000000, 14.27050807568879343 ) ) ;
#1877 = VECTOR ( 'NONE', #524, 1000.000000000000000 ) ;
#1878 = DIRECTION ( 'NONE',  ( 0.000000000000000000, -1.000000000000000000, 0.000000000000000000 ) ) ;
#1879 = CARTESIAN_POINT ( 'NONE',  ( 0.000000000000000000, 24.00000000000000000, 0.000000000000000000 ) ) ;
#1880 = ORIENTED_EDGE ( 'NONE', *, *, #2863, .F. ) ;
#1881 = ADVANCED_FACE ( 'NONE', ( #3100 ), #1543, .F. ) ;
#1882 = CARTESIAN_POINT ( 'NONE',  ( 4.500000000000000000, 0.000000000000000000, 2.598076211353313791 ) ) ;
#1883 = CARTESIAN_POINT ( 'NONE',  ( -8.000000000000000000, 10.00000000000000000, -28.83281572999747056 ) ) ;
#1884 = CARTESIAN_POINT ( 'NONE',  ( 10.00000000000020606, 0.000000000000000000, 12.27050807568866020 ) ) ;
#1885 = EDGE_CURVE ( 'NONE', #3293, #2790, #2199, .T. ) ;
#1886 = ORIENTED_EDGE ( 'NONE', *, *, #3029, .F. ) ;
#1887 = VERTEX_POINT ( 'NONE', #2942 ) ;
#1888 = LINE ( 'NONE', #1378, #636 ) ;
#1889 = ORIENTED_EDGE ( 'NONE', *, *, #2229, .F. ) ;
#1890 = FACE_OUTER_BOUND ( 'NONE', #938, .T. ) ;
#1891 = CYLINDRICAL_SURFACE ( 'NONE', #1412, 1.550000000000000266 ) ;
#1892 = ORIENTED_EDGE ( 'NONE', *, *, #953, .T. ) ;
#1893 = DIRECTION ( 'NONE',  ( 0.000000000000000000, -1.000000000000000000, 0.000000000000000000 ) ) ;
#1894 = CYLINDRICAL_SURFACE ( 'NONE', #3026, 3.050000000000000711 ) ;
#1895 = CARTESIAN_POINT ( 'NONE',  ( 14.27320684782973359, 10.00000000000000000, -4.612544447381123014 ) ) ;
#1896 = EDGE_CURVE ( 'NONE', #2513, #1030, #2394, .T. ) ;
#1897 = EDGE_CURVE ( 'NONE', #2775, #3348, #3202, .T. ) ;
#1898 = ORIENTED_EDGE ( 'NONE', *, *, #2027, .T. ) ;
#1899 = EDGE_CURVE ( 'NONE', #186, #2884, #2152, .T. ) ;
#1900 = CIRCLE ( 'NONE', #170, 5.049999999999839062 ) ;
#1901 = FACE_BOUND ( 'NONE', #2139, .T. ) ;
#1902 = DIRECTION ( 'NONE',  ( 0.000000000000000000, 0.000000000000000000, 1.000000000000000000 ) ) ;
#1903 = COORDINATED_UNIVERSAL_TIME_OFFSET ( 8, 0, .AHEAD. ) ;
#1904 = ORIENTED_EDGE ( 'NONE', *, *, #2776, .F. ) ;
#1905 = CARTESIAN_POINT ( 'NONE',  ( 12.12435565298214435, 6.500000000000000888, -6.999999999999997335 ) ) ;
#1906 = DIRECTION ( 'NONE',  ( 0.000000000000000000, 0.000000000000000000, 1.000000000000000000 ) ) ;
#1907 = ORIENTED_EDGE ( 'NONE', *, *, #1596, .T. ) ;
#1908 = AXIS2_PLACEMENT_3D ( 'NONE', #535, #1266, #2303 ) ;
#1909 = CARTESIAN_POINT ( 'NONE',  ( -11.13118409143177168, 15.00000000000000000, -10.05468750000000000 ) ) ;
#1910 = DIRECTION ( 'NONE',  ( 0.000000000000000000, 0.000000000000000000, 1.000000000000000000 ) ) ;
#1911 = PLANE ( 'NONE',  #155 ) ;
#1912 = ORIENTED_EDGE ( 'NONE', *, *, #2770, .F. ) ;
#1913 = ORIENTED_EDGE ( 'NONE', *, *, #3259, .T. ) ;
#1914 = EDGE_CURVE ( 'NONE', #1363, #633, #2554, .T. ) ;
#1915 = ADVANCED_FACE ( 'NONE', ( #3172 ), #3155, .T. ) ;
#1916 = EDGE_CURVE ( 'NONE', #1529, #201, #2283, .T. ) ;
#1917 = CARTESIAN_POINT ( 'NONE',  ( 8.422097051803659085, 6.500000000000000888, 4.862499999999998046 ) ) ;
#1918 = DIRECTION ( 'NONE',  ( 0.000000000000000000, 1.000000000000000000, -0.000000000000000000 ) ) ;
#1919 = CARTESIAN_POINT ( 'NONE',  ( 14.48427487829473925, 6.500000000000000888, -8.362499999999998934 ) ) ;
#1920 = ORIENTED_EDGE ( 'NONE', *, *, #1170, .T. ) ;
#1921 = LINE ( 'NONE', #2908, #2889 ) ;
#1922 = ORIENTED_EDGE ( 'NONE', *, *, #1171, .F. ) ;
#1923 = ORIENTED_EDGE ( 'NONE', *, *, #2172, .T. ) ;
#1924 = AXIS2_PLACEMENT_3D ( 'NONE', #2363, #1062, #2099 ) ;
#1925 = DIRECTION ( 'NONE',  ( 0.000000000000000000, 0.000000000000000000, 1.000000000000000000 ) ) ;
#1926 = DIRECTION ( 'NONE',  ( -0.000000000000000000, -1.000000000000000000, -0.000000000000000000 ) ) ;
#1927 = ORIENTED_EDGE ( 'NONE', *, *, #2538, .T. ) ;
#1928 = AXIS2_PLACEMENT_3D ( 'NONE', #574, #508, #2331 ) ;
#1929 = DIRECTION ( 'NONE',  ( 0.000000000000000000, 0.000000000000000000, 1.000000000000000000 ) ) ;
#1930 = ORIENTED_EDGE ( 'NONE', *, *, #2986, .T. ) ;
#1931 = CARTESIAN_POINT ( 'NONE',  ( 0.000000000000000000, 6.500000000000000888, 0.000000000000000000 ) ) ;
#1932 = LOCAL_TIME ( 2, 52, 9.000000000000000000, #1451 ) ;
#1933 = ORIENTED_EDGE ( 'NONE', *, *, #890, .F. ) ;
#1934 = ORIENTED_EDGE ( 'NONE', *, *, #3117, .T. ) ;
#1935 = EDGE_CURVE ( 'NONE', #683, #2775, #594, .T. ) ;
#1936 = AXIS2_PLACEMENT_3D ( 'NONE', #1373, #2761, #1712 ) ;
#1937 = CYLINDRICAL_SURFACE ( 'NONE', #224, 5.050000000000000711 ) ;
#1938 = EDGE_CURVE ( 'NONE', #272, #14, #2646, .T. ) ;
#1939 = CARTESIAN_POINT ( 'NONE',  ( 9.999999999999964473, 24.00000000000000000, 14.27050807568879343 ) ) ;
#1940 = AXIS2_PLACEMENT_3D ( 'NONE', #1520, #2777, #2816 ) ;
#1941 = CC_DESIGN_DATE_AND_TIME_ASSIGNMENT ( #361, #1393, ( #3129 ) ) ;
#1942 = CARTESIAN_POINT ( 'NONE',  ( -10.00000000000008527, 24.00000000000000000, -17.32050807568872841 ) ) ;
#1943 = ORIENTED_EDGE ( 'NONE', *, *, #1384, .T. ) ;
#1944 = DIRECTION ( 'NONE',  ( 0.000000000000000000, 1.000000000000000000, -0.000000000000000000 ) ) ;
#1945 = ORIENTED_EDGE ( 'NONE', *, *, #1735, .F. ) ;
#1946 = ORIENTED_EDGE ( 'NONE', *, *, #2151, .F. ) ;
#1947 = EDGE_CURVE ( 'NONE', #679, #3293, #2928, .T. ) ;
#1948 = AXIS2_PLACEMENT_3D ( 'NONE', #1131, #2636, #1929 ) ;
#1949 = DIRECTION ( 'NONE',  ( 0.000000000000000000, 0.000000000000000000, 1.000000000000000000 ) ) ;
#1950 = CARTESIAN_POINT ( 'NONE',  ( 0.000000000000000000, 0.000000000000000000, 0.000000000000000000 ) ) ;
#1951 = VERTEX_POINT ( 'NONE', #334 ) ;
#1952 = DIRECTION ( 'NONE',  ( -0.000000000000000000, -1.000000000000000000, -0.000000000000000000 ) ) ;
#1953 = AXIS2_PLACEMENT_3D ( 'NONE', #2664, #3178, #1391 ) ;
#1954 = FACE_OUTER_BOUND ( 'NONE', #2470, .T. ) ;
#1955 = PLANE ( 'NONE',  #1612 ) ;
#1956 = VERTEX_POINT ( 'NONE', #2468 ) ;
#1957 = AXIS2_PLACEMENT_3D ( 'NONE', #2067, #2034, #1231 ) ;
#1958 = CARTESIAN_POINT ( 'NONE',  ( 7.058823529411767161, 10.00000000000000000, -13.23529411764705621 ) ) ;
#1959 = CARTESIAN_POINT ( 'NONE',  ( -7.511572993685797128E-16, 0.000000000000000000, 5.196152422706632912 ) ) ;
#1960 = CIRCLE ( 'NONE', #1741, 15.00000000000000000 ) ;
#1961 = AXIS2_PLACEMENT_3D ( 'NONE', #2658, #1084, #2926 ) ;
#1962 = VERTEX_POINT ( 'NONE', #1644 ) ;
#1963 = CARTESIAN_POINT ( 'NONE',  ( 9.838541447552909602, 24.00000000000000000, 11.32268087445652327 ) ) ;
#1964 = ORIENTED_EDGE ( 'NONE', *, *, #2859, .F. ) ;
#1965 = ORIENTED_EDGE ( 'NONE', *, *, #2229, .T. ) ;
#1966 = AXIS2_PLACEMENT_3D ( 'NONE', #749, #2487, #2999 ) ;
#1967 = DIRECTION ( 'NONE',  ( -0.000000000000000000, -1.000000000000000000, -0.000000000000000000 ) ) ;
#1968 = EDGE_CURVE ( 'NONE', #729, #2972, #384, .T. ) ;
#1969 = DIRECTION ( 'NONE',  ( 0.000000000000000000, 0.000000000000000000, 1.000000000000000000 ) ) ;
#1970 = ORIENTED_EDGE ( 'NONE', *, *, #1808, .F. ) ;
#1971 = CARTESIAN_POINT ( 'NONE',  ( 20.00000000000000355, 24.00000000000000000, 3.050000000000001599 ) ) ;
#1972 = CYLINDRICAL_SURFACE ( 'NONE', #192, 15.00000000000000000 ) ;
#1973 = DIRECTION ( 'NONE',  ( 0.000000000000000000, 0.000000000000000000, -1.000000000000000000 ) ) ;
#1974 = ORIENTED_EDGE ( 'NONE', *, *, #1947, .F. ) ;
#1975 = CARTESIAN_POINT ( 'NONE',  ( -10.00000000000008527, 6.000000000000000000, -17.32050807568872841 ) ) ;
#1976 = CYLINDRICAL_SURFACE ( 'NONE', #2543, 1.000000000000000888 ) ;
#1977 = PERSON_AND_ORGANIZATION ( #3285, #2102 ) ;
#1978 = ORIENTED_EDGE ( 'NONE', *, *, #580, .T. ) ;
#1979 = CARTESIAN_POINT ( 'NONE',  ( 2.069452425350854607, 14.00000000000000000, 15.86560325544570915 ) ) ;
#1980 = EDGE_LOOP ( 'NONE', ( #2189, #50, #1077, #1934, #2818, #531, #635 ) ) ;
#1981 = EDGE_LOOP ( 'NONE', ( #1697, #386, #3219, #3267 ) ) ;
#1982 = DIRECTION ( 'NONE',  ( 0.000000000000000000, 0.000000000000000000, 1.000000000000000000 ) ) ;
#1983 = EDGE_CURVE ( 'NONE', #2012, #26, #2688, .T. ) ;
#1984 = CYLINDRICAL_SURFACE ( 'NONE', #2494, 1.999999999999998224 ) ;
#1985 = ORIENTED_EDGE ( 'NONE', *, *, #1273, .T. ) ;
#1986 = CARTESIAN_POINT ( 'NONE',  ( -10.00000000000008527, 24.00000000000000000, -20.37050807568872912 ) ) ;
#1987 = EDGE_CURVE ( 'NONE', #1493, #1187, #1098, .T. ) ;
#1988 = CARTESIAN_POINT ( 'NONE',  ( -9.999999999999866773, 24.00000000000000000, 17.32050807568885631 ) ) ;
#1989 = DIRECTION ( 'NONE',  ( -0.8660254037844388186, 0.000000000000000000, 0.4999999999999998335 ) ) ;
#1990 = VERTEX_POINT ( 'NONE', #887 ) ;
#1991 = ADVANCED_FACE ( 'NONE', ( #2913 ), #93, .F. ) ;
#1992 = CARTESIAN_POINT ( 'NONE',  ( -9.999999999999866773, 10.00000000000000000, 17.32050807568885631 ) ) ;
#1993 = CALENDAR_DATE ( 2025, 22, 11 ) ;
#1994 = AXIS2_PLACEMENT_3D ( 'NONE', #2284, #3312, #1036 ) ;
#1995 = ORIENTED_EDGE ( 'NONE', *, *, #3237, .F. ) ;
#1996 = DIRECTION ( 'NONE',  ( -0.000000000000000000, -1.000000000000000000, -0.000000000000000000 ) ) ;
#1997 = ORIENTED_EDGE ( 'NONE', *, *, #2151, .T. ) ;
#1998 = DIRECTION ( 'NONE',  ( 0.4999999999999998890, 0.000000000000000000, -0.8660254037844387076 ) ) ;
#1999 = DIRECTION ( 'NONE',  ( 1.000000000000000000, -0.000000000000000000, -2.756540548141576453E-16 ) ) ;
#2000 = VERTEX_POINT ( 'NONE', #1129 ) ;
#2001 = DIRECTION ( 'NONE',  ( 0.4999999999999999445, 0.000000000000000000, 0.8660254037844387076 ) ) ;
#2002 = AXIS2_PLACEMENT_3D ( 'NONE', #516, #2592, #791 ) ;
#2003 = DIRECTION ( 'NONE',  ( 0.000000000000000000, 1.000000000000000000, -0.000000000000000000 ) ) ;
#2004 = AXIS2_PLACEMENT_3D ( 'NONE', #2821, #1842, #1056 ) ;
#2005 = ORIENTED_EDGE ( 'NONE', *, *, #1127, .F. ) ;
#2006 = LINE ( 'NONE', #1479, #862 ) ;
#2007 = ORIENTED_EDGE ( 'NONE', *, *, #1214, .F. ) ;
#2008 = EDGE_CURVE ( 'NONE', #1404, #2463, #1900, .T. ) ;
#2009 = CARTESIAN_POINT ( 'NONE',  ( 8.977796685898681517, 10.00000000000000000, -7.000000000000007994 ) ) ;
#2010 = EDGE_CURVE ( 'NONE', #1508, #1293, #2168, .T. ) ;
#2011 = DATE_TIME_ROLE ( 'classification_date' ) ;
#2012 = VERTEX_POINT ( 'NONE', #1909 ) ;
#2013 = FACE_OUTER_BOUND ( 'NONE', #3220, .T. ) ;
#2014 = AXIS2_PLACEMENT_3D ( 'NONE', #3262, #3275, #648 ) ;
#2015 = ORIENTED_EDGE ( 'NONE', *, *, #1341, .F. ) ;
#2016 = CARTESIAN_POINT ( 'NONE',  ( 0.000000000000000000, 13.99999999999999822, 16.00000000000000000 ) ) ;
#2017 = DIRECTION ( 'NONE',  ( 0.000000000000000000, 1.000000000000000000, -0.000000000000000000 ) ) ;
#2018 = EDGE_LOOP ( 'NONE', ( #2122, #589, #3090, #2455 ) ) ;
#2019 = AXIS2_PLACEMENT_3D ( 'NONE', #1744, #681, #1709 ) ;
#2020 = CARTESIAN_POINT ( 'NONE',  ( 0.000000000000000000, 15.00000000000000000, 0.000000000000000000 ) ) ;
#2021 = DIRECTION ( 'NONE',  ( -0.000000000000000000, -1.000000000000000000, -0.000000000000000000 ) ) ;
#2022 = ORIENTED_EDGE ( 'NONE', *, *, #290, .F. ) ;
#2023 = FACE_OUTER_BOUND ( 'NONE', #380, .T. ) ;
#2024 = ORIENTED_EDGE ( 'NONE', *, *, #1153, .T. ) ;
#2025 = CARTESIAN_POINT ( 'NONE',  ( -15.27091462006560718, 6.500000000000000888, -6.999999999999995559 ) ) ;
#2026 = CARTESIAN_POINT ( 'NONE',  ( -8.571428571428572951, 24.00000000000000000, -28.74944542499729749 ) ) ;
#2027 = EDGE_CURVE ( 'NONE', #1586, #2425, #630, .T. ) ;
#2028 = ADVANCED_FACE ( 'NONE', ( #730 ), #699, .F. ) ;
#2029 = ORIENTED_EDGE ( 'NONE', *, *, #689, .T. ) ;
#2030 = DIRECTION ( 'NONE',  ( -0.000000000000000000, -1.000000000000000000, -0.000000000000000000 ) ) ;
#2031 = ORIENTED_EDGE ( 'NONE', *, *, #173, .T. ) ;
#2032 = EDGE_CURVE ( 'NONE', #1561, #573, #2175, .T. ) ;
#2033 = PLANE ( 'NONE',  #994 ) ;
#2034 = DIRECTION ( 'NONE',  ( -0.000000000000000000, 0.000000000000000000, -1.000000000000000000 ) ) ;
#2035 = EDGE_LOOP ( 'NONE', ( #933, #1617, #1265, #3047 ) ) ;
#2036 = CARTESIAN_POINT ( 'NONE',  ( 0.000000000000000000, 10.00000000000000000, 0.000000000000000000 ) ) ;
#2037 = CARTESIAN_POINT ( 'NONE',  ( 0.000000000000000000, 10.00000000000000000, 0.000000000000000000 ) ) ;
#2038 = ORIENTED_EDGE ( 'NONE', *, *, #3259, .F. ) ;
#2039 = CARTESIAN_POINT ( 'NONE',  ( 14.35872856723394975, 14.24209225271731682, -5.420047410539881483 ) ) ;
#2040 = DIRECTION ( 'NONE',  ( 0.000000000000000000, 0.000000000000000000, 1.000000000000000000 ) ) ;
#2041 = CIRCLE ( 'NONE', #1828, 3.049999999999999822 ) ;
#2042 = CARTESIAN_POINT ( 'NONE',  ( 9.999999999999914735, 24.00000000000000000, -17.32050807568882078 ) ) ;
#2043 = ORIENTED_EDGE ( 'NONE', *, *, #284, .F. ) ;
#2044 = AXIS2_PLACEMENT_3D ( 'NONE', #2654, #1650, #360 ) ;
#2045 =( GEOMETRIC_REPRESENTATION_CONTEXT ( 3 ) GLOBAL_UNCERTAINTY_ASSIGNED_CONTEXT ( ( #2950 ) ) GLOBAL_UNIT_ASSIGNED_CONTEXT ( ( #817, #1065, #1575 ) ) REPRESENTATION_CONTEXT ( 'NONE', 'WORKASPACE' ) );
#2046 = CARTESIAN_POINT ( 'NONE',  ( -2.485465536373379969, 6.500000000000000888, 15.14504741053986159 ) ) ;
#2047 = EDGE_LOOP ( 'NONE', ( #1142, #1316 ) ) ;
#2048 = EDGE_CURVE ( 'NONE', #69, #755, #1760, .T. ) ;
#2049 = CARTESIAN_POINT ( 'NONE',  ( 3.142022756397976568, 15.00000000000000000, 14.66723194738111324 ) ) ;
#2050 = FACE_OUTER_BOUND ( 'NONE', #2348, .T. ) ;
#2051 = DIRECTION ( 'NONE',  ( -0.000000000000000000, -1.000000000000000000, -0.000000000000000000 ) ) ;
#2052 = ORIENTED_EDGE ( 'NONE', *, *, #2666, .T. ) ;
#2053 = ADVANCED_FACE ( 'NONE', ( #2773 ), #1000, .F. ) ;
#2054 = DIRECTION ( 'NONE',  ( -0.000000000000000000, -1.000000000000000000, -0.000000000000000000 ) ) ;
#2055 = CARTESIAN_POINT ( 'NONE',  ( 9.999999999999964473, 24.00000000000000000, 17.32050807568879236 ) ) ;
#2056 = ORIENTED_EDGE ( 'NONE', *, *, #73, .F. ) ;
#2057 = DIRECTION ( 'NONE',  ( 0.000000000000000000, 0.000000000000000000, 1.000000000000000000 ) ) ;
#2058 = PLANE ( 'NONE',  #1573 ) ;
#2059 = CARTESIAN_POINT ( 'NONE',  ( 8.000000000000000000, 10.00000000000000000, -15.00000000000000178 ) ) ;
#2060 = LINE ( 'NONE', #2026, #3084 ) ;
#2061 = EDGE_LOOP ( 'NONE', ( #1837, #503, #2387, #2174 ) ) ;
#2062 = CYLINDRICAL_SURFACE ( 'NONE', #1924, 5.049999999999839062 ) ;
#2063 = ORIENTED_EDGE ( 'NONE', *, *, #1700, .T. ) ;
#2064 = LINE ( 'NONE', #264, #1275 ) ;
#2065 = AXIS2_PLACEMENT_3D ( 'NONE', #1950, #2469, #700 ) ;
#2066 = CARTESIAN_POINT ( 'NONE',  ( 8.977796685898681517, 6.500000000000000888, -7.000000000000007994 ) ) ;
#2067 = CARTESIAN_POINT ( 'NONE',  ( 0.000000000000000000, 6.500000000000000888, -9.724999999999997868 ) ) ;
#2068 = EDGE_LOOP ( 'NONE', ( #2167, #967, #2671, #2683 ) ) ;
#2069 = CARTESIAN_POINT ( 'NONE',  ( 6.000000000000000000, 10.00000000000000000, -15.00000000000000178 ) ) ;
#2070 = AXIS2_PLACEMENT_3D ( 'NONE', #1027, #2594, #2080 ) ;
#2071 = EDGE_CURVE ( 'NONE', #3138, #1691, #2753, .T. ) ;
#2072 = CYLINDRICAL_SURFACE ( 'NONE', #3056, 1.549999999999999378 ) ;
#2073 = EDGE_CURVE ( 'NONE', #2090, #1623, #283, .T. ) ;
#2074 = EDGE_LOOP ( 'NONE', ( #263, #1445, #2029, #2768 ) ) ;
#2075 = VECTOR ( 'NONE', #107, 1000.000000000000000 ) ;
#2076 = DIRECTION ( 'NONE',  ( 0.000000000000000000, 0.000000000000000000, -1.000000000000000000 ) ) ;
#2077 = CARTESIAN_POINT ( 'NONE',  ( 10.00000000000020606, 0.000000000000000000, 17.32050807568865736 ) ) ;
#2078 = LINE ( 'NONE', #2561, #251 ) ;
#2079 = CIRCLE ( 'NONE', #1205, 15.00000000000000000 ) ;
#2080 = DIRECTION ( 'NONE',  ( 0.000000000000000000, 0.000000000000000000, -1.000000000000000000 ) ) ;
#2081 = ORIENTED_EDGE ( 'NONE', *, *, #467, .F. ) ;
#2082 = LINE ( 'NONE', #781, #3158 ) ;
#2083 = CARTESIAN_POINT ( 'NONE',  ( -11.13118409143176990, 10.00000000000000000, -10.05468750000000000 ) ) ;
#2084 = DIRECTION ( 'NONE',  ( 0.000000000000000000, 0.000000000000000000, 1.000000000000000000 ) ) ;
#2085 = CARTESIAN_POINT ( 'NONE',  ( 11.13118409143176279, 15.00000000000000000, -10.05468750000000888 ) ) ;
#2086 = CYLINDRICAL_SURFACE ( 'NONE', #2748, 3.050000000000000711 ) ;
#2087 = ORIENTED_EDGE ( 'NONE', *, *, #3279, .T. ) ;
#2088 = DIRECTION ( 'NONE',  ( 0.000000000000000000, 0.000000000000000000, 1.000000000000000000 ) ) ;
#2089 = FACE_OUTER_BOUND ( 'NONE', #3166, .T. ) ;
#2090 = VERTEX_POINT ( 'NONE', #2016 ) ;
#2091 = LINE ( 'NONE', #1252, #1674 ) ;
#2092 = ADVANCED_FACE ( 'NONE', ( #2722 ), #2233, .F. ) ;
#2093 = CARTESIAN_POINT ( 'NONE',  ( 11.87326303086056178, 14.24209225271732038, -9.725000000000008527 ) ) ;
#2094 = CYLINDRICAL_SURFACE ( 'NONE', #2311, 3.050000000000000711 ) ;
#2095 = ORIENTED_EDGE ( 'NONE', *, *, #1323, .T. ) ;
#2096 = EDGE_CURVE ( 'NONE', #2465, #2460, #2741, .T. ) ;
#2097 = CARTESIAN_POINT ( 'NONE',  ( 0.000000000000000000, 6.000000000000000000, 0.000000000000000000 ) ) ;
#2099 = DIRECTION ( 'NONE',  ( 0.000000000000000000, 0.000000000000000000, -1.000000000000000000 ) ) ;
#2098 = AXIS2_PLACEMENT_3D ( 'NONE', #2397, #2921, #590 ) ;
#2100 = DIRECTION ( 'NONE',  ( -0.000000000000000000, 1.000000000000000000, -0.000000000000000000 ) ) ;
#2101 = DIRECTION ( 'NONE',  ( 0.000000000000000000, -1.000000000000000000, 0.000000000000000000 ) ) ;
#2102 = ORGANIZATION ( 'æœª', 'æœª', '' ) ;
#2103 = DIRECTION ( 'NONE',  ( 0.000000000000000000, -1.000000000000000000, 0.000000000000000000 ) ) ;
#2104 = CARTESIAN_POINT ( 'NONE',  ( 10.00000000000020606, 6.000000000000000000, 22.37050807568865807 ) ) ;
#2105 = VERTEX_POINT ( 'NONE', #213 ) ;
#2106 = DIRECTION ( 'NONE',  ( 0.000000000000000000, 0.000000000000000000, 1.000000000000000000 ) ) ;
#2107 = VECTOR ( 'NONE', #2521, 1000.000000000000000 ) ;
#2108 = CARTESIAN_POINT ( 'NONE',  ( 9.999999999999914735, 0.000000000000000000, -17.32050807568882078 ) ) ;
#2109 = CARTESIAN_POINT ( 'NONE',  ( 11.13118409143176279, 15.00000000000000000, -10.05468750000000888 ) ) ;
#2110 = ORIENTED_EDGE ( 'NONE', *, *, #1524, .T. ) ;
#2111 = VECTOR ( 'NONE', #1716, 1000.000000000000000 ) ;
#2112 = VECTOR ( 'NONE', #2851, 1000.000000000000000 ) ;
#2113 = EDGE_CURVE ( 'NONE', #2116, #2911, #3260, .T. ) ;
#2114 = EDGE_CURVE ( 'NONE', #3001, #1729, #1245, .T. ) ;
#2115 = DIRECTION ( 'NONE',  ( -0.000000000000000000, 1.000000000000000000, -0.000000000000000000 ) ) ;
#2116 = VERTEX_POINT ( 'NONE', #2217 ) ;
#2117 = ADVANCED_FACE ( 'NONE', ( #3274 ), #1456, .F. ) ;
#2118 = FACE_OUTER_BOUND ( 'NONE', #366, .T. ) ;
#2119 = CARTESIAN_POINT ( 'NONE',  ( -2.215837206055828013, 14.02008613451835650, 15.61205737780982261 ) ) ;
#2120 = VERTEX_POINT ( 'NONE', #955 ) ;
#2121 = CARTESIAN_POINT ( 'NONE',  ( -14.48427487829473925, 6.500000000000000888, -8.362499999999998934 ) ) ;
#2122 = ORIENTED_EDGE ( 'NONE', *, *, #3190, .T. ) ;
#2123 = DIRECTION ( 'NONE',  ( 0.000000000000000000, 0.000000000000000000, 1.000000000000000000 ) ) ;
#2124 = AXIS2_PLACEMENT_3D ( 'NONE', #1225, #2951, #134 ) ;
#2125 = VERTEX_POINT ( 'NONE', #936 ) ;
#2126 = AXIS2_PLACEMENT_3D ( 'NONE', #1260, #43, #285 ) ;
#2127 = CARTESIAN_POINT ( 'NONE',  ( -10.55107616944041737, 10.00000000000000000, -9.724999999999997868 ) ) ;
#2128 = DIRECTION ( 'NONE',  ( -0.000000000000000000, -1.000000000000000000, -0.000000000000000000 ) ) ;
#2129 = ADVANCED_FACE ( 'NONE', ( #2280 ), #2033, .F. ) ;
#2130 = EDGE_CURVE ( 'NONE', #658, #3138, #1517, .T. ) ;
#2131 = DIRECTION ( 'NONE',  ( -0.000000000000000000, -1.000000000000000000, -0.000000000000000000 ) ) ;
#2132 = CARTESIAN_POINT ( 'NONE',  ( -2.424784577873163371, 14.16127890425126168, 15.25014991371421225 ) ) ;
#2133 = ORIENTED_EDGE ( 'NONE', *, *, #2958, .T. ) ;
#2134 = ADVANCED_FACE ( 'NONE', ( #2981 ), #161, .T. ) ;
#2135 = CARTESIAN_POINT ( 'NONE',  ( -14.72499999999998366, 10.00000000000000000, 2.859086392538794819 ) ) ;
#2136 = CARTESIAN_POINT ( 'NONE',  ( 0.000000000000000000, 10.00000000000000000, 0.000000000000000000 ) ) ;
#2137 = CARTESIAN_POINT ( 'NONE',  ( 3.146558967083471270, 6.500000000000000888, 14.00000000000000533 ) ) ;
#2138 = VERTEX_POINT ( 'NONE', #2758 ) ;
#2139 = EDGE_LOOP ( 'NONE', ( #701, #1035 ) ) ;
#2140 = EDGE_LOOP ( 'NONE', ( #2571, #308 ) ) ;
#2141 = CARTESIAN_POINT ( 'NONE',  ( -11.87326303086055823, 10.00000000000000000, -10.72499999999999787 ) ) ;
#2142 = CIRCLE ( 'NONE', #2304, 1.000000000000000888 ) ;
#2143 = APPROVAL_ROLE ( '' ) ;
#2144 = VECTOR ( 'NONE', #439, 1000.000000000000000 ) ;
#2145 = EDGE_CURVE ( 'NONE', #2214, #1123, #452, .T. ) ;
#2146 = EDGE_LOOP ( 'NONE', ( #1375, #2401, #2493, #2441 ) ) ;
#2147 = CARTESIAN_POINT ( 'NONE',  ( -12.12435565298214613, 0.000000000000000000, -6.999999999999998224 ) ) ;
#2148 = CARTESIAN_POINT ( 'NONE',  ( 0.000000000000000000, 15.00000000000000000, 0.000000000000000000 ) ) ;
#2149 = ORIENTED_EDGE ( 'NONE', *, *, #1449, .F. ) ;
#2150 = CIRCLE ( 'NONE', #3003, 3.050000000000241407 ) ;
#2151 = EDGE_CURVE ( 'NONE', #1956, #1296, #1863, .T. ) ;
#2152 = LINE ( 'NONE', #1882, #1587 ) ;
#2153 = EDGE_CURVE ( 'NONE', #2911, #1725, #2811, .T. ) ;
#2154 = DIRECTION ( 'NONE',  ( -0.8660254037844387076, 0.000000000000000000, -0.4999999999999998890 ) ) ;
#2155 = DIRECTION ( 'NONE',  ( 0.000000000000000000, 0.000000000000000000, -1.000000000000000000 ) ) ;
#2156 = ORIENTED_EDGE ( 'NONE', *, *, #959, .F. ) ;
#2157 = VECTOR ( 'NONE', #859, 1000.000000000000000 ) ;
#2158 = ORIENTED_EDGE ( 'NONE', *, *, #2504, .F. ) ;
#2159 = AXIS2_PLACEMENT_3D ( 'NONE', #1701, #2711, #1444 ) ;
#2160 = CARTESIAN_POINT ( 'NONE',  ( 3.013600355490528404, 14.86435677681311773, 14.69474266702678555 ) ) ;
#2161 = CARTESIAN_POINT ( 'NONE',  ( -6.000000000000000000, 24.00000000000000000, -26.83281572999747056 ) ) ;
#2162 = LINE ( 'NONE', #2665, #2310 ) ;
#2163 = ORIENTED_EDGE ( 'NONE', *, *, #1257, .T. ) ;
#2164 = DIRECTION ( 'NONE',  ( 0.000000000000000000, 0.000000000000000000, 1.000000000000000000 ) ) ;
#2165 = AXIS2_PLACEMENT_3D ( 'NONE', #100, #2975, #1450 ) ;
#2166 = CARTESIAN_POINT ( 'NONE',  ( -2.069452425350827962, 14.00000000000000000, 15.86560325544571270 ) ) ;
#2167 = ORIENTED_EDGE ( 'NONE', *, *, #2986, .F. ) ;
#2168 = LINE ( 'NONE', #1695, #443 ) ;
#2169 = PLANE ( 'NONE',  #488 ) ;
#2170 = LINE ( 'NONE', #1895, #1400 ) ;
#2171 = ORIENTED_EDGE ( 'NONE', *, *, #1807, .F. ) ;
#2172 = EDGE_CURVE ( 'NONE', #997, #745, #1050, .T. ) ;
#2173 = ADVANCED_FACE ( 'NONE', ( #1605 ), #547, .F. ) ;
#2174 = ORIENTED_EDGE ( 'NONE', *, *, #1120, .T. ) ;
#2175 = CIRCLE ( 'NONE', #2815, 2.000000000000000000 ) ;
#2176 = CARTESIAN_POINT ( 'NONE',  ( 0.000000000000000000, 6.500000000000000888, 0.000000000000000000 ) ) ;
#2177 = CARTESIAN_POINT ( 'NONE',  ( 14.27958807182543666, 14.34748954028908052, -5.282972051556163784 ) ) ;
#2178 = APPROVAL_DATE_TIME ( #606, #1298 ) ;
#2179 = ORIENTED_EDGE ( 'NONE', *, *, #3099, .T. ) ;
#2180 = DIRECTION ( 'NONE',  ( 0.000000000000000000, -1.000000000000000000, 0.000000000000000000 ) ) ;
#2181 = ORIENTED_EDGE ( 'NONE', *, *, #3009, .T. ) ;
#2182 = EDGE_LOOP ( 'NONE', ( #2360, #1206, #1985, #2659 ) ) ;
#2183 = DIRECTION ( 'NONE',  ( 0.4999999999999996669, 0.000000000000000000, -0.8660254037844388186 ) ) ;
#2184 = LINE ( 'NONE', #2964, #278 ) ;
#2185 = ORIENTED_EDGE ( 'NONE', *, *, #796, .F. ) ;
#2186 = CIRCLE ( 'NONE', #342, 5.049999999999998934 ) ;
#2187 = DIRECTION ( 'NONE',  ( -0.000000000000000000, 1.000000000000000000, -0.000000000000000000 ) ) ;
#2188 = DIRECTION ( 'NONE',  ( -0.000000000000000000, -1.000000000000000000, -0.000000000000000000 ) ) ;
#2189 = ORIENTED_EDGE ( 'NONE', *, *, #2048, .T. ) ;
#2190 = ORIENTED_EDGE ( 'NONE', *, *, #1274, .T. ) ;
#2191 = CARTESIAN_POINT ( 'NONE',  ( -3.014902828314053540, 14.86573248393540858, 14.69446365055893722 ) ) ;
#2192 = EDGE_CURVE ( 'NONE', #759, #496, #3252, .T. ) ;
#2193 = LINE ( 'NONE', #1649, #2802 ) ;
#2194 = ORIENTED_EDGE ( 'NONE', *, *, #1687, .F. ) ;
#2195 = CARTESIAN_POINT ( 'NONE',  ( 8.571428571428572951, 24.00000000000000000, -28.74944542499729749 ) ) ;
#2196 = VERTEX_POINT ( 'NONE', #1834 ) ;
#2197 = ORIENTED_EDGE ( 'NONE', *, *, #2153, .T. ) ;
#2198 = VECTOR ( 'NONE', #2131, 1000.000000000000000 ) ;
#2199 = LINE ( 'NONE', #400, #1144 ) ;
#2200 = CARTESIAN_POINT ( 'NONE',  ( -4.886458552446970138, 24.00000000000000000, 14.18176726699524615 ) ) ;
#2201 = ORIENTED_EDGE ( 'NONE', *, *, #746, .T. ) ;
#2202 = VECTOR ( 'NONE', #2849, 1000.000000000000000 ) ;
#2203 = CARTESIAN_POINT ( 'NONE',  ( -11.87326303086055823, 10.00000000000000000, -10.72499999999999787 ) ) ;
#2204 = FACE_BOUND ( 'NONE', #3118, .T. ) ;
#2205 = AXIS2_PLACEMENT_3D ( 'NONE', #3266, #1732, #1494 ) ;
#2206 = FACE_OUTER_BOUND ( 'NONE', #2678, .T. ) ;
#2207 = ORIENTED_EDGE ( 'NONE', *, *, #566, .T. ) ;
#2208 = CARTESIAN_POINT ( 'NONE',  ( -8.977796685898688622, 10.00000000000000000, -6.999999999999997335 ) ) ;
#2209 = DIRECTION ( 'NONE',  ( 0.000000000000000000, 0.000000000000000000, 1.000000000000000000 ) ) ;
#2210 = CIRCLE ( 'NONE', #42, 1.999999999999998224 ) ;
#2211 = EDGE_CURVE ( 'NONE', #3144, #1277, #2866, .T. ) ;
#2212 = EDGE_LOOP ( 'NONE', ( #2323, #259 ) ) ;
#2213 = FACE_OUTER_BOUND ( 'NONE', #798, .T. ) ;
#2214 = VERTEX_POINT ( 'NONE', #245 ) ;
#2215 = EDGE_LOOP ( 'NONE', ( #1923, #372, #2007, #1920 ) ) ;
#2216 = VECTOR ( 'NONE', #2593, 1000.000000000000000 ) ;
#2217 = CARTESIAN_POINT ( 'NONE',  ( -20.00000000000000000, 6.000000000000000000, 5.050000000000089528 ) ) ;
#2218 = CARTESIAN_POINT ( 'NONE',  ( -9.999999999999838352, 0.000000000000000000, 12.27050807568887336 ) ) ;
#2219 = ORIENTED_EDGE ( 'NONE', *, *, #3279, .F. ) ;
#2220 = DIRECTION ( 'NONE',  ( 0.000000000000000000, 1.000000000000000000, -0.000000000000000000 ) ) ;
#2221 = AXIS2_PLACEMENT_3D ( 'NONE', #1465, #1136, #2209 ) ;
#2222 = FACE_OUTER_BOUND ( 'NONE', #2781, .T. ) ;
#2223 = LINE ( 'NONE', #924, #1285 ) ;
#2224 = ORIENTED_EDGE ( 'NONE', *, *, #223, .T. ) ;
#2225 = FACE_OUTER_BOUND ( 'NONE', #2978, .T. ) ;
#2226 = AXIS2_PLACEMENT_3D ( 'NONE', #723, #502, #1044 ) ;
#2227 = ORIENTED_EDGE ( 'NONE', *, *, #1428, .T. ) ;
#2228 = DIRECTION ( 'NONE',  ( 0.000000000000000000, 1.000000000000000000, -0.000000000000000000 ) ) ;
#2229 = EDGE_CURVE ( 'NONE', #1019, #2240, #9, .T. ) ;
#2230 = ORIENTED_EDGE ( 'NONE', *, *, #1428, .F. ) ;
#2231 = VERTEX_POINT ( 'NONE', #2631 ) ;
#2232 = VECTOR ( 'NONE', #379, 1000.000000000000000 ) ;
#2233 = PLANE ( 'NONE',  #1635 ) ;
#2234 = CARTESIAN_POINT ( 'NONE',  ( 0.000000000000000000, 0.000000000000000000, 12.45000000000000107 ) ) ;
#2235 = ORIENTED_EDGE ( 'NONE', *, *, #2840, .T. ) ;
#2236 = ADVANCED_FACE ( 'NONE', ( #2050 ), #1033, .F. ) ;
#2237 = CARTESIAN_POINT ( 'NONE',  ( -4.500000000000000000, 0.000000000000000000, 2.598076211353315568 ) ) ;
#2238 = DIRECTION ( 'NONE',  ( -0.000000000000000000, -1.000000000000000000, -0.000000000000000000 ) ) ;
#2239 = DIRECTION ( 'NONE',  ( 0.000000000000000000, -1.000000000000000000, 0.000000000000000000 ) ) ;
#2240 = VERTEX_POINT ( 'NONE', #2367 ) ;
#2241 = DIRECTION ( 'NONE',  ( 0.5000000000000008882, 0.000000000000000000, 0.8660254037844381525 ) ) ;
#2242 = ORIENTED_EDGE ( 'NONE', *, *, #2413, .F. ) ;
#2243 = FACE_OUTER_BOUND ( 'NONE', #310, .T. ) ;
#2244 = ORIENTED_EDGE ( 'NONE', *, *, #2272, .F. ) ;
#2245 = DIRECTION ( 'NONE',  ( 0.000000000000000000, 0.000000000000000000, -1.000000000000000000 ) ) ;
#2246 = FACE_OUTER_BOUND ( 'NONE', #90, .T. ) ;
#2247 = ORIENTED_EDGE ( 'NONE', *, *, #746, .F. ) ;
#2248 = DIRECTION ( 'NONE',  ( 0.000000000000000000, 0.000000000000000000, -1.000000000000000000 ) ) ;
#2249 = VECTOR ( 'NONE', #3271, 1000.000000000000000 ) ;
#2250 = EDGE_CURVE ( 'NONE', #3348, #3101, #2569, .T. ) ;
#2251 = FACE_OUTER_BOUND ( 'NONE', #19, .T. ) ;
#2252 = EDGE_CURVE ( 'NONE', #679, #1692, #1280, .T. ) ;
#2253 = AXIS2_PLACEMENT_3D ( 'NONE', #2640, #326, #1122 ) ;
#2254 = CYLINDRICAL_SURFACE ( 'NONE', #1558, 30.00000000000000000 ) ;
#2255 = EDGE_LOOP ( 'NONE', ( #2314, #1927, #569, #160, #2081, #2582, #1395 ) ) ;
#2256 = CARTESIAN_POINT ( 'NONE',  ( -20.00000000000000000, 0.000000000000000000, -5.049999999999863931 ) ) ;
#2257 = DATE_AND_TIME ( #1993, #1932 ) ;
#2258 = FACE_OUTER_BOUND ( 'NONE', #2018, .T. ) ;
#2259 = TOROIDAL_SURFACE ( 'NONE', #1343, 16.00000000000000000, 1.000000000000000000 ) ;
#2260 = ORIENTED_EDGE ( 'NONE', *, *, #406, .T. ) ;
#2261 = DIRECTION ( 'NONE',  ( 0.000000000000000000, 0.000000000000000000, -1.000000000000000000 ) ) ;
#2262 = ORIENTED_EDGE ( 'NONE', *, *, #2859, .T. ) ;
#2263 = CARTESIAN_POINT ( 'NONE',  ( 9.999999999999964473, 24.00000000000000000, 17.32050807568879236 ) ) ;
#2264 = FACE_OUTER_BOUND ( 'NONE', #2215, .T. ) ;
#2265 = EDGE_LOOP ( 'NONE', ( #399, #2691, #925, #288 ) ) ;
#2266 = CYLINDRICAL_SURFACE ( 'NONE', #3170, 5.999999999999998224 ) ;
#2267 = DIRECTION ( 'NONE',  ( -0.000000000000000000, 1.000000000000000000, -0.000000000000000000 ) ) ;
#2268 = ORIENTED_EDGE ( 'NONE', *, *, #1032, .F. ) ;
#2269 = CARTESIAN_POINT ( 'NONE',  ( -10.00000000000008527, 6.000000000000000000, -14.27050807568872948 ) ) ;
#2270 = CLOSED_SHELL ( 'NONE', ( #1133, #2477, #2713, #94, #1673, #2028, #2173, #3321, #1376, #1776, #979, #2053, #2518, #813, #3192, #1810, #2955, #1402, #586, #2598, #1423, #540, #390, #1093, #114, #1634, #646, #519, #2290, #1216, #3150, #3320, #3216, #834, #1526, #2377, #665, #427, #784, #3346, #2134, #261, #1344, #1915, #3343, #1191, #1075, #2585, #1569, #2820, #1279, #2293, #1613, #2752, #2621, #2117, #237, #1240, #1467, #1670, #1111, #219, #892, #3074, #1991, #306, #748, #265, #3171, #522, #1439, #2881, #2236, #1778, #1881, #3025, #2376, #1652, #1080, #108, #324, #1394, #2286, #2864, #2985, #1399, #839, #2478, #1151, #2129, #2092, #1574, #2439, #408, #450, #3114, #429, #68, #1826, #663 ) ) ;
#2271 = VERTEX_POINT ( 'NONE', #2845 ) ;
#2272 = EDGE_CURVE ( 'NONE', #1019, #2677, #3140, .T. ) ;
#2273 = DIRECTION ( 'NONE',  ( 0.000000000000000000, 0.000000000000000000, -1.000000000000000000 ) ) ;
#2274 = CYLINDRICAL_SURFACE ( 'NONE', #1251, 3.050000000000045564 ) ;
#2275 = ORIENTED_EDGE ( 'NONE', *, *, #200, .F. ) ;
#2276 = CARTESIAN_POINT ( 'NONE',  ( 10.00000000000020606, 6.000000000000000000, 17.32050807568865736 ) ) ;
#2277 = AXIS2_PLACEMENT_3D ( 'NONE', #1488, #3203, #1419 ) ;
#2278 = ORIENTED_EDGE ( 'NONE', *, *, #65, .T. ) ;
#2279 = VECTOR ( 'NONE', #1382, 1000.000000000000000 ) ;
#2280 = FACE_OUTER_BOUND ( 'NONE', #1183, .T. ) ;
#2281 = CARTESIAN_POINT ( 'NONE',  ( 14.35872856723394264, 10.00000000000000000, -5.420047410539869048 ) ) ;
#2282 = ORIENTED_EDGE ( 'NONE', *, *, #451, .T. ) ;
#2283 = CIRCLE ( 'NONE', #671, 15.00000000000000000 ) ;
#2284 = CARTESIAN_POINT ( 'NONE',  ( 0.000000000000000000, 24.00000000000000000, 0.000000000000000000 ) ) ;
#2285 = ORIENTED_EDGE ( 'NONE', *, *, #2734, .T. ) ;
#2286 = ADVANCED_FACE ( 'NONE', ( #2118 ), #3067, .F. ) ;
#2287 = CARTESIAN_POINT ( 'NONE',  ( 20.00000000000000355, 6.000000000000000000, 1.734723475976807094E-15 ) ) ;
#2288 = CARTESIAN_POINT ( 'NONE',  ( 9.999999999999914735, 6.000000000000000000, -22.37050807568866162 ) ) ;
#2289 = DIRECTION ( 'NONE',  ( -0.000000000000000000, 1.000000000000000000, -0.000000000000000000 ) ) ;
#2290 = ADVANCED_FACE ( 'NONE', ( #2296 ), #1083, .T. ) ;
#2291 = CARTESIAN_POINT ( 'NONE',  ( 6.000000000000000000, 10.00000000000000000, -26.83281572999747411 ) ) ;
#2292 = ORIENTED_EDGE ( 'NONE', *, *, #3349, .F. ) ;
#2293 = ADVANCED_FACE ( 'NONE', ( #528 ), #3136, .F. ) ;
#2294 = CARTESIAN_POINT ( 'NONE',  ( 12.70528925290565070, 14.00000000000000000, -9.725000000000008527 ) ) ;
#2295 = VERTEX_POINT ( 'NONE', #3105 ) ;
#2296 = FACE_OUTER_BOUND ( 'NONE', #1306, .T. ) ;
#2297 = FACE_OUTER_BOUND ( 'NONE', #1367, .T. ) ;
#2298 = ORIENTED_EDGE ( 'NONE', *, *, #2919, .F. ) ;
#2299 = DIRECTION ( 'NONE',  ( 0.000000000000000000, 1.000000000000000000, -0.000000000000000000 ) ) ;
#2300 = DIRECTION ( 'NONE',  ( -0.000000000000000000, -1.000000000000000000, -0.000000000000000000 ) ) ;
#2301 = LINE ( 'NONE', #2590, #907 ) ;
#2302 = EDGE_LOOP ( 'NONE', ( #2275, #2712 ) ) ;
#2303 = DIRECTION ( 'NONE',  ( 0.000000000000000000, 0.000000000000000000, 1.000000000000000000 ) ) ;
#2304 = AXIS2_PLACEMENT_3D ( 'NONE', #1315, #2349, #2313 ) ;
#2305 = LINE ( 'NONE', #2288, #2216 ) ;
#2306 = CYLINDRICAL_SURFACE ( 'NONE', #1448, 2.000000000000000000 ) ;
#2307 = CIRCLE ( 'NONE', #1603, 15.00000000000000000 ) ;
#2308 = CARTESIAN_POINT ( 'NONE',  ( -10.00000000000008527, 6.000000000000000000, -12.27050807568872948 ) ) ;
#2309 = VERTEX_POINT ( 'NONE', #2352 ) ;
#2310 = VECTOR ( 'NONE', #67, 1000.000000000000000 ) ;
#2311 = AXIS2_PLACEMENT_3D ( 'NONE', #1007, #2528, #2273 ) ;
#2312 = LINE ( 'NONE', #1568, #1861 ) ;
#2313 = DIRECTION ( 'NONE',  ( 0.000000000000000000, 0.000000000000000000, 1.000000000000000000 ) ) ;
#2314 = ORIENTED_EDGE ( 'NONE', *, *, #959, .T. ) ;
#2315 = AXIS2_PLACEMENT_3D ( 'NONE', #672, #2474, #1973 ) ;
#2316 = CARTESIAN_POINT ( 'NONE',  ( -2.999999999999999556, 9.000000000000000000, -5.196152422706632912 ) ) ;
#2317 = EDGE_CURVE ( 'NONE', #2686, #2295, #2079, .T. ) ;
#2318 = CARTESIAN_POINT ( 'NONE',  ( 0.000000000000000000, 0.000000000000000000, 0.000000000000000000 ) ) ;
#2319 = DIRECTION ( 'NONE',  ( -0.000000000000000000, -1.000000000000000000, -0.000000000000000000 ) ) ;
#2320 = CARTESIAN_POINT ( 'NONE',  ( 0.000000000000000000, 15.00000000000000000, 0.000000000000000000 ) ) ;
#2321 = ORIENTED_EDGE ( 'NONE', *, *, #2250, .T. ) ;
#2322 = CARTESIAN_POINT ( 'NONE',  ( 9.999999999999914735, 24.00000000000000000, -20.37050807568886768 ) ) ;
#2323 = ORIENTED_EDGE ( 'NONE', *, *, #499, .T. ) ;
#2324 = DIRECTION ( 'NONE',  ( 0.000000000000000000, 0.000000000000000000, 1.000000000000000000 ) ) ;
#2325 = CARTESIAN_POINT ( 'NONE',  ( 10.00000000000020606, 6.000000000000000000, 12.27050807568866020 ) ) ;
#2326 = CYLINDRICAL_SURFACE ( 'NONE', #1833, 3.050000000000241407 ) ;
#2327 = VECTOR ( 'NONE', #49, 1000.000000000000000 ) ;
#2328 = VERTEX_POINT ( 'NONE', #836 ) ;
#2329 = DIRECTION ( 'NONE',  ( -8.881784197001252323E-16, 0.000000000000000000, 1.000000000000000000 ) ) ;
#2330 = VERTEX_POINT ( 'NONE', #2085 ) ;
#2331 = DIRECTION ( 'NONE',  ( -0.5000000000000006661, 0.000000000000000000, -0.8660254037844382635 ) ) ;
#2332 = EDGE_CURVE ( 'NONE', #1012, #2765, #2684, .T. ) ;
#2333 = EDGE_CURVE ( 'NONE', #645, #1012, #850, .T. ) ;
#2334 = CIRCLE ( 'NONE', #605, 30.00000000000000000 ) ;
#2335 = DIRECTION ( 'NONE',  ( -0.000000000000000000, -1.000000000000000000, 0.000000000000000000 ) ) ;
#2336 = DIRECTION ( 'NONE',  ( -1.000000000000000000, 0.000000000000000000, -1.445602896647339163E-16 ) ) ;
#2337 = ORIENTED_EDGE ( 'NONE', *, *, #2359, .T. ) ;
#2338 = CARTESIAN_POINT ( 'NONE',  ( 0.000000000000000000, 6.500000000000000888, 14.00000000000000000 ) ) ;
#2339 = AXIS2_PLACEMENT_3D ( 'NONE', #1737, #3211, #1481 ) ;
#2340 = CARTESIAN_POINT ( 'NONE',  ( 0.000000000000000000, 10.00000000000000000, -4.274999999999997691 ) ) ;
#2341 = EDGE_CURVE ( 'NONE', #1363, #363, #1414, .T. ) ;
#2342 = ORIENTED_EDGE ( 'NONE', *, *, #2010, .T. ) ;
#2343 = VECTOR ( 'NONE', #2660, 1000.000000000000000 ) ;
#2344 = CARTESIAN_POINT ( 'NONE',  ( 2.999999999999999112, 9.000000000000000000, -5.196152422706632912 ) ) ;
#2345 = CARTESIAN_POINT ( 'NONE',  ( 9.999999999999964473, 10.00000000000000000, 17.32050807568879236 ) ) ;
#2346 = CARTESIAN_POINT ( 'NONE',  ( 10.55107616944041027, 6.500000000000000888, -4.275000000000012790 ) ) ;
#2347 = PLANE ( 'NONE',  #2808 ) ;
#2348 = EDGE_LOOP ( 'NONE', ( #64, #59, #239, #2904, #2976, #2700, #230, #2451 ) ) ;
#2349 = DIRECTION ( 'NONE',  ( 0.000000000000000000, 1.000000000000000000, -0.000000000000000000 ) ) ;
#2350 = CARTESIAN_POINT ( 'NONE',  ( 9.999999999999964473, 24.00000000000000000, 17.32050807568879236 ) ) ;
#2351 = CARTESIAN_POINT ( 'NONE',  ( -20.00000000000000000, 24.00000000000000000, 1.127570259384951496E-13 ) ) ;
#2352 = CARTESIAN_POINT ( 'NONE',  ( 20.00000000000000355, 24.00000000000000000, -3.049999999999998046 ) ) ;
#2353 = DIRECTION ( 'NONE',  ( 0.000000000000000000, 0.000000000000000000, -1.000000000000000000 ) ) ;
#2354 = ORIENTED_EDGE ( 'NONE', *, *, #3237, .T. ) ;
#2355 = LINE ( 'NONE', #768, #91 ) ;
#2356 = CARTESIAN_POINT ( 'NONE',  ( 10.55107616944041027, 6.500000000000000888, -4.275000000000012790 ) ) ;
#2357 = CARTESIAN_POINT ( 'NONE',  ( -14.27320684782973714, 15.00000000000000000, -4.612544447381105250 ) ) ;
#2358 = EDGE_CURVE ( 'NONE', #1250, #1551, #2385, .T. ) ;
#2359 = EDGE_CURVE ( 'NONE', #2309, #617, #779, .T. ) ;
#2360 = ORIENTED_EDGE ( 'NONE', *, *, #2988, .F. ) ;
#2361 = AXIS2_PLACEMENT_3D ( 'NONE', #1756, #3083, #1079 ) ;
#2363 = CARTESIAN_POINT ( 'NONE',  ( 9.999999999999914735, 6.000000000000000000, -17.32050807568882078 ) ) ;
#2362 = CIRCLE ( 'NONE', #3332, 1.000000000000000888 ) ;
#2364 = DIRECTION ( 'NONE',  ( 2.756540548141576453E-16, 0.000000000000000000, 1.000000000000000000 ) ) ;
#2365 = AXIS2_PLACEMENT_3D ( 'NONE', #1767, #518, #256 ) ;
#2366 = VECTOR ( 'NONE', #2729, 1000.000000000000000 ) ;
#2367 = CARTESIAN_POINT ( 'NONE',  ( 15.27091462006560185, 14.00000000000000000, -7.000000000000007105 ) ) ;
#2368 = CARTESIAN_POINT ( 'NONE',  ( -10.00000000000008527, 6.000000000000000000, -17.32050807568872841 ) ) ;
#2369 = VERTEX_POINT ( 'NONE', #643 ) ;
#2370 = DIRECTION ( 'NONE',  ( -0.4999999999999994449, -0.000000000000000000, 0.8660254037844389297 ) ) ;
#2371 = CIRCLE ( 'NONE', #1347, 15.00000000000000000 ) ;
#2372 = DIRECTION ( 'NONE',  ( 0.000000000000000000, -1.000000000000000000, 0.000000000000000000 ) ) ;
#2373 = EDGE_LOOP ( 'NONE', ( #712, #553, #3039, #210, #1193, #3033, #485 ) ) ;
#2374 = FACE_OUTER_BOUND ( 'NONE', #556, .T. ) ;
#2375 = EDGE_CURVE ( 'NONE', #496, #759, #3091, .T. ) ;
#2376 = ADVANCED_FACE ( 'NONE', ( #1108 ), #1669, .F. ) ;
#2377 = ADVANCED_FACE ( 'NONE', ( #1352 ), #3149, .F. ) ;
#2378 = EDGE_LOOP ( 'NONE', ( #98, #2515, #1556, #2005, #2724, #2501 ) ) ;
#2379 = CIRCLE ( 'NONE', #1844, 15.00000000000000000 ) ;
#2380 = VECTOR ( 'NONE', #1026, 1000.000000000000000 ) ;
#2381 = EDGE_CURVE ( 'NONE', #1238, #2927, #1112, .T. ) ;
#2382 = DIRECTION ( 'NONE',  ( 0.000000000000000000, -1.000000000000000000, 0.000000000000000000 ) ) ;
#2383 = CARTESIAN_POINT ( 'NONE',  ( -20.00000000000000000, 24.00000000000000000, -3.050000000000128608 ) ) ;
#2384 = VECTOR ( 'NONE', #2992, 1000.000000000000114 ) ;
#2385 = LINE ( 'NONE', #882, #2232 ) ;
#2386 = DIRECTION ( 'NONE',  ( 0.000000000000000000, -1.000000000000000000, 0.000000000000000000 ) ) ;
#2387 = ORIENTED_EDGE ( 'NONE', *, *, #1719, .T. ) ;
#2388 = VECTOR ( 'NONE', #3106, 1000.000000000000114 ) ;
#2389 = DIRECTION ( 'NONE',  ( 0.000000000000000000, 1.000000000000000000, -0.000000000000000000 ) ) ;
#2390 = VECTOR ( 'NONE', #1528, 1000.000000000000000 ) ;
#2391 = FACE_OUTER_BOUND ( 'NONE', #1427, .T. ) ;
#2392 = AXIS2_PLACEMENT_3D ( 'NONE', #1975, #1189, #1154 ) ;
#2393 = ORIENTED_EDGE ( 'NONE', *, *, #2966, .T. ) ;
#2394 = CIRCLE ( 'NONE', #1747, 1.550000000000000933 ) ;
#2395 = EDGE_CURVE ( 'NONE', #340, #471, #87, .T. ) ;
#2396 = CARTESIAN_POINT ( 'NONE',  ( -6.000000000000000000, 24.00000000000000000, -0.000000000000000000 ) ) ;
#2397 = CARTESIAN_POINT ( 'NONE',  ( 20.00000000000000355, 6.000000000000000000, 1.734723475976807094E-15 ) ) ;
#2398 = EDGE_CURVE ( 'NONE', #1551, #901, #1768, .T. ) ;
#2399 = APPROVAL_STATUS ( 'not_yet_approved' ) ;
#2400 = EDGE_CURVE ( 'NONE', #2847, #2888, #2894, .T. ) ;
#2401 = ORIENTED_EDGE ( 'NONE', *, *, #685, .T. ) ;
#2402 = CARTESIAN_POINT ( 'NONE',  ( 3.146558967083471270, 6.500000000000000888, 14.00000000000000533 ) ) ;
#2403 = DIRECTION ( 'NONE',  ( -0.000000000000000000, -1.000000000000000000, -0.000000000000000000 ) ) ;
#2404 = VERTEX_POINT ( 'NONE', #1620 ) ;
#2405 = DIRECTION ( 'NONE',  ( 0.000000000000000000, 1.000000000000000000, -0.000000000000000000 ) ) ;
#2406 = DIRECTION ( 'NONE',  ( -0.000000000000000000, -1.000000000000000000, -0.000000000000000000 ) ) ;
#2407 = DIRECTION ( 'NONE',  ( 5.513081096283155864E-16, 0.000000000000000000, -1.000000000000000000 ) ) ;
#2408 = ORIENTED_EDGE ( 'NONE', *, *, #1120, .F. ) ;
#2409 = EDGE_LOOP ( 'NONE', ( #1907, #3333, #1616, #493, #2792, #710, #150 ) ) ;
#2410 = ORIENTED_EDGE ( 'NONE', *, *, #3093, .F. ) ;
#2411 = DIRECTION ( 'NONE',  ( -0.4999999999999998890, 0.000000000000000000, -0.8660254037844387076 ) ) ;
#2412 = AXIS2_PLACEMENT_3D ( 'NONE', #2718, #2228, #2701 ) ;
#2413 = EDGE_CURVE ( 'NONE', #863, #123, #1368, .T. ) ;
#2414 = CIRCLE ( 'NONE', #2098, 3.049999999999999822 ) ;
#2415 = ORIENTED_EDGE ( 'NONE', *, *, #2048, .F. ) ;
#2416 = LINE ( 'NONE', #2939, #2935 ) ;
#2417 = CARTESIAN_POINT ( 'NONE',  ( -6.000000000000000000, 10.00000000000000000, -26.83281572999747411 ) ) ;
#2418 = EDGE_LOOP ( 'NONE', ( #2703, #2285, #1886, #2043 ) ) ;
#2419 = EDGE_CURVE ( 'NONE', #729, #1827, #1654, .T. ) ;
#2420 = DIRECTION ( 'NONE',  ( 0.000000000000000000, 0.000000000000000000, 1.000000000000000000 ) ) ;
#2421 = DIRECTION ( 'NONE',  ( -0.000000000000000000, -1.000000000000000000, -0.000000000000000000 ) ) ;
#2422 = FACE_BOUND ( 'NONE', #751, .T. ) ;
#2423 = ORIENTED_EDGE ( 'NONE', *, *, #856, .F. ) ;
#2424 = CIRCLE ( 'NONE', #812, 3.050000000000043787 ) ;
#2425 = VERTEX_POINT ( 'NONE', #2402 ) ;
#2426 = DIRECTION ( 'NONE',  ( -0.000000000000000000, -1.000000000000000000, 0.000000000000000000 ) ) ;
#2427 = PLANE ( 'NONE',  #2253 ) ;
#2428 = VECTOR ( 'NONE', #826, 1000.000000000000000 ) ;
#2429 = ORIENTED_EDGE ( 'NONE', *, *, #13, .F. ) ;
#2430 = CARTESIAN_POINT ( 'NONE',  ( 10.00000000000020606, 6.000000000000000000, 12.27050807568866020 ) ) ;
#2431 = EDGE_LOOP ( 'NONE', ( #2932, #1702, #2649, #3338 ) ) ;
#2432 = EDGE_LOOP ( 'NONE', ( #1223, #2268, #3251, #1632 ) ) ;
#2433 = EDGE_CURVE ( 'NONE', #811, #1504, #1158, .T. ) ;
#2434 = CARTESIAN_POINT ( 'NONE',  ( 8.000000000000000000, 24.00000000000000000, -28.83281572999747056 ) ) ;
#2435 = CARTESIAN_POINT ( 'NONE',  ( -3.351490940157816567, 10.00000000000000000, 15.64504741053986159 ) ) ;
#2436 = ORIENTED_EDGE ( 'NONE', *, *, #1274, .F. ) ;
#2437 = FACE_BOUND ( 'NONE', #2579, .T. ) ;
#2438 = ORIENTED_EDGE ( 'NONE', *, *, #910, .T. ) ;
#2439 = ADVANCED_FACE ( 'NONE', ( #1890 ), #364, .F. ) ;
#2440 = APPLICATION_CONTEXT ( 'configuration controlled 3d designs of mechanical parts and assemblies' ) ;
#2441 = ORIENTED_EDGE ( 'NONE', *, *, #637, .F. ) ;
#2442 = CIRCLE ( 'NONE', #3, 3.050000000000000711 ) ;
#2443 = VERTEX_POINT ( 'NONE', #3199 ) ;
#2444 = AXIS2_PLACEMENT_3D ( 'NONE', #222, #2837, #1256 ) ;
#2445 = CYLINDRICAL_SURFACE ( 'NONE', #2392, 5.049999999999998934 ) ;
#2446 = AXIS2_PLACEMENT_3D ( 'NONE', #785, #2103, #1854 ) ;
#2447 = DIRECTION ( 'NONE',  ( 0.000000000000000000, 0.000000000000000000, 1.000000000000000000 ) ) ;
#2448 = LINE ( 'NONE', #1919, #1387 ) ;
#2449 = ORIENTED_EDGE ( 'NONE', *, *, #1176, .T. ) ;
#2450 = DIRECTION ( 'NONE',  ( -0.000000000000000000, -1.000000000000000000, -0.000000000000000000 ) ) ;
#2451 = ORIENTED_EDGE ( 'NONE', *, *, #53, .T. ) ;
#2452 = ORIENTED_EDGE ( 'NONE', *, *, #2433, .F. ) ;
#2453 = DIRECTION ( 'NONE',  ( 0.000000000000000000, -1.000000000000000000, 0.000000000000000000 ) ) ;
#2454 = FACE_BOUND ( 'NONE', #1126, .T. ) ;
#2455 = ORIENTED_EDGE ( 'NONE', *, *, #1845, .T. ) ;
#2456 = DIRECTION ( 'NONE',  ( -0.000000000000000000, 1.000000000000000000, -0.000000000000000000 ) ) ;
#2457 = LINE ( 'NONE', #423, #1071 ) ;
#2458 = PLANE ( 'NONE',  #537 ) ;
#2459 = EDGE_CURVE ( 'NONE', #140, #1752, #1921, .T. ) ;
#2460 = VERTEX_POINT ( 'NONE', #1381 ) ;
#2461 = EDGE_CURVE ( 'NONE', #2938, #2520, #2416, .T. ) ;
#2462 = LINE ( 'NONE', #2920, #2384 ) ;
#2463 = VERTEX_POINT ( 'NONE', #743 ) ;
#2464 = DIRECTION ( 'NONE',  ( 0.000000000000000000, 0.000000000000000000, 1.000000000000000000 ) ) ;
#2465 = VERTEX_POINT ( 'NONE', #2500 ) ;
#2466 = ORIENTED_EDGE ( 'NONE', *, *, #1885, .F. ) ;
#2467 = CIRCLE ( 'NONE', #1010, 5.049999999999839062 ) ;
#2468 = CARTESIAN_POINT ( 'NONE',  ( 1.898202538678397459E-16, 0.000000000000000000, 15.54999999999999893 ) ) ;
#2469 = DIRECTION ( 'NONE',  ( 0.000000000000000000, 1.000000000000000000, -0.000000000000000000 ) ) ;
#2470 = EDGE_LOOP ( 'NONE', ( #2436, #999, #1705, #277, #125, #1433, #2612, #963, #2525, #2541, #1872, #2298, #2415, #487, #332, #2961, #2499, #1160, #2615, #1415, #2896, #133, #515, #904, #163, #608, #3124, #40, #3296, #2838, #3142, #2679, #2449, #1355, #1408, #176, #1933, #2931, #2489, #2429, #83, #3231, #1600 ) ) ;
#2471 = DIRECTION ( 'NONE',  ( 0.000000000000000000, 1.000000000000000000, -0.000000000000000000 ) ) ;
#2472 = DIRECTION ( 'NONE',  ( 0.000000000000000000, 1.000000000000000000, -0.000000000000000000 ) ) ;
#2473 = CIRCLE ( 'NONE', #2785, 1.549999999999999378 ) ;
#2474 = DIRECTION ( 'NONE',  ( -0.000000000000000000, -1.000000000000000000, -0.000000000000000000 ) ) ;
#2475 = ORIENTED_EDGE ( 'NONE', *, *, #2114, .T. ) ;
#2476 = AXIS2_PLACEMENT_3D ( 'NONE', #1116, #1388, #2155 ) ;
#2477 = ADVANCED_FACE ( 'NONE', ( #2243 ), #158, .F. ) ;
#2478 = ADVANCED_FACE ( 'NONE', ( #2213, #464 ), #209, .T. ) ;
#2479 = DIRECTION ( 'NONE',  ( 0.000000000000000000, 0.000000000000000000, -1.000000000000000000 ) ) ;
#2480 = SHAPE_DEFINITION_REPRESENTATION ( #2757, #2909 ) ;
#2481 = EDGE_CURVE ( 'NONE', #2196, #2330, #3046, .T. ) ;
#2482 = ORIENTED_EDGE ( 'NONE', *, *, #1014, .T. ) ;
#2483 = CARTESIAN_POINT ( 'NONE',  ( 2.485465536373397288, 14.24209225271732038, 15.14504741053986869 ) ) ;
#2484 = EDGE_LOOP ( 'NONE', ( #767, #36, #2619, #2227 ) ) ;
#2485 = ORIENTED_EDGE ( 'NONE', *, *, #1097, .T. ) ;
#2486 = AXIS2_PLACEMENT_3D ( 'NONE', #3205, #371, #842 ) ;
#2487 = DIRECTION ( 'NONE',  ( 0.000000000000000000, 1.000000000000000000, -0.000000000000000000 ) ) ;
#2488 = CARTESIAN_POINT ( 'NONE',  ( 9.999999999999964473, 24.00000000000000000, 17.32050807568879236 ) ) ;
#2489 = ORIENTED_EDGE ( 'NONE', *, *, #3068, .F. ) ;
#2490 = LINE ( 'NONE', #1986, #1775 ) ;
#2491 = PLANE ( 'NONE',  #3273 ) ;
#2492 = FACE_OUTER_BOUND ( 'NONE', #2378, .T. ) ;
#2493 = ORIENTED_EDGE ( 'NONE', *, *, #1466, .F. ) ;
#2494 = AXIS2_PLACEMENT_3D ( 'NONE', #2690, #1710, #714 ) ;
#2495 = CARTESIAN_POINT ( 'NONE',  ( -9.838541447552833219, 24.00000000000000000, 11.32268087445658900 ) ) ;
#2496 = AXIS2_PLACEMENT_3D ( 'NONE', #946, #3286, #2241 ) ;
#2497 = EDGE_CURVE ( 'NONE', #1002, #1262, #1713, .T. ) ;
#2498 = VECTOR ( 'NONE', #985, 1000.000000000000000 ) ;
#2499 = ORIENTED_EDGE ( 'NONE', *, *, #2332, .F. ) ;
#2500 = CARTESIAN_POINT ( 'NONE',  ( -3.146558967083446845, 6.500000000000000888, 14.00000000000001243 ) ) ;
#2501 = ORIENTED_EDGE ( 'NONE', *, *, #2341, .T. ) ;
#2502 = ORIENTED_EDGE ( 'NONE', *, *, #1038, .F. ) ;
#2503 = EDGE_CURVE ( 'NONE', #2972, #1247, #1228, .T. ) ;
#2504 = EDGE_CURVE ( 'NONE', #2990, #2754, #397, .T. ) ;
#2505 = DIRECTION ( 'NONE',  ( 0.4999999999999998890, 0.000000000000000000, -0.8660254037844387076 ) ) ;
#2506 = DIRECTION ( 'NONE',  ( -0.000000000000000000, 1.000000000000000000, -0.000000000000000000 ) ) ;
#2507 = ORIENTED_EDGE ( 'NONE', *, *, #1255, .F. ) ;
#2508 = CARTESIAN_POINT ( 'NONE',  ( 8.000000000000000000, 24.00000000000000000, -26.83281572999747056 ) ) ;
#2509 = DIRECTION ( 'NONE',  ( -0.000000000000000000, 1.000000000000000000, -0.000000000000000000 ) ) ;
#2510 = CARTESIAN_POINT ( 'NONE',  ( 14.72500000000000320, 10.00000000000000000, 2.859086392538699339 ) ) ;
#2511 = ORIENTED_EDGE ( 'NONE', *, *, #2877, .F. ) ;
#2512 = PERSON_AND_ORGANIZATION ( #3285, #2102 ) ;
#2513 = VERTEX_POINT ( 'NONE', #1469 ) ;
#2514 = DIRECTION ( 'NONE',  ( 0.000000000000000000, 0.000000000000000000, 1.000000000000000000 ) ) ;
#2515 = ORIENTED_EDGE ( 'NONE', *, *, #426, .T. ) ;
#2516 = EDGE_CURVE ( 'NONE', #578, #2000, #2778, .T. ) ;
#2517 = CARTESIAN_POINT ( 'NONE',  ( 5.361471366135377997E-15, 10.00000000000000000, -9.725000000000015632 ) ) ;
#2518 = ADVANCED_FACE ( 'NONE', ( #2977 ), #1432, .F. ) ;
#2519 = CARTESIAN_POINT ( 'NONE',  ( 9.999999999999914735, 6.000000000000000000, -22.37050807568866162 ) ) ;
#2520 = VERTEX_POINT ( 'NONE', #1963 ) ;
#2521 = DIRECTION ( 'NONE',  ( -0.000000000000000000, -1.000000000000000000, -0.000000000000000000 ) ) ;
#2522 = VECTOR ( 'NONE', #448, 1000.000000000000000 ) ;
#2523 = DIRECTION ( 'NONE',  ( 0.5000000000000003331, 0.000000000000000000, 0.8660254037844383745 ) ) ;
#2524 = VECTOR ( 'NONE', #2509, 1000.000000000000000 ) ;
#2525 = ORIENTED_EDGE ( 'NONE', *, *, #2562, .F. ) ;
#2526 = DIRECTION ( 'NONE',  ( 0.000000000000000000, 0.000000000000000000, 1.000000000000000000 ) ) ;
#2527 = ORIENTED_EDGE ( 'NONE', *, *, #1171, .T. ) ;
#2528 = DIRECTION ( 'NONE',  ( -0.000000000000000000, -1.000000000000000000, -0.000000000000000000 ) ) ;
#2529 = CARTESIAN_POINT ( 'NONE',  ( -20.00000000000000000, 24.00000000000000000, 1.127570259384951496E-13 ) ) ;
#2530 = VERTEX_POINT ( 'NONE', #1453 ) ;
#2531 = CARTESIAN_POINT ( 'NONE',  ( -6.000000000000000000, 10.00000000000000000, 0.000000000000000000 ) ) ;
#2532 = EDGE_LOOP ( 'NONE', ( #2260, #402, #915, #1023 ) ) ;
#2533 = EDGE_CURVE ( 'NONE', #2595, #2240, #3288, .T. ) ;
#2534 = CARTESIAN_POINT ( 'NONE',  ( -9.764436427669552998, 6.500000000000000888, -5.637500000000001954 ) ) ;
#2535 = LINE ( 'NONE', #214, #327 ) ;
#2536 = EDGE_LOOP ( 'NONE', ( #1653, #1495, #1537, #2656 ) ) ;
#2537 = CARTESIAN_POINT ( 'NONE',  ( 9.999999999999914735, 0.000000000000000000, -22.37050807568866162 ) ) ;
#2538 = EDGE_CURVE ( 'NONE', #1623, #683, #3319, .T. ) ;
#2539 = CARTESIAN_POINT ( 'NONE',  ( 9.999999999999914735, 24.00000000000000000, -14.27050807568877566 ) ) ;
#2540 = CIRCLE ( 'NONE', #374, 5.049999999999998934 ) ;
#2541 = ORIENTED_EDGE ( 'NONE', *, *, #3324, .F. ) ;
#2542 = DIRECTION ( 'NONE',  ( 0.000000000000000000, 0.000000000000000000, -1.000000000000000000 ) ) ;
#2543 = AXIS2_PLACEMENT_3D ( 'NONE', #947, #908, #675 ) ;
#2544 = CARTESIAN_POINT ( 'NONE',  ( -7.058823529411764497, 10.00000000000000000, -13.23529411764705976 ) ) ;
#2545 = EDGE_CURVE ( 'NONE', #1529, #2120, #3112, .T. ) ;
#2546 = PLANE ( 'NONE',  #2444 ) ;
#2547 = CARTESIAN_POINT ( 'NONE',  ( 9.999999999999914735, 24.00000000000000000, -14.27050807568877744 ) ) ;
#2548 = CIRCLE ( 'NONE', #2912, 16.00000000000000000 ) ;
#2549 = ORIENTED_EDGE ( 'NONE', *, *, #3135, .T. ) ;
#2550 = CIRCLE ( 'NONE', #1473, 3.050000000000000711 ) ;
#2551 = DIRECTION ( 'NONE',  ( -0.000000000000000000, -1.000000000000000000, -0.000000000000000000 ) ) ;
#2552 = DIRECTION ( 'NONE',  ( 0.000000000000000000, 0.000000000000000000, -1.000000000000000000 ) ) ;
#2553 = EDGE_LOOP ( 'NONE', ( #1820, #3013 ) ) ;
#2554 = CIRCLE ( 'NONE', #1314, 30.00000000000000000 ) ;
#2555 = DIRECTION ( 'NONE',  ( -1.000000000000000000, 0.000000000000000000, 0.000000000000000000 ) ) ;
#2556 = FACE_OUTER_BOUND ( 'NONE', #1590, .T. ) ;
#2557 = DIRECTION ( 'NONE',  ( -0.000000000000000000, -1.000000000000000000, -0.000000000000000000 ) ) ;
#2558 = EDGE_LOOP ( 'NONE', ( #1880, #1210, #375, #367 ) ) ;
#2559 = CARTESIAN_POINT ( 'NONE',  ( 14.77474167825649332, 14.00000000000000000, -6.140603255445719277 ) ) ;
#2560 = DIRECTION ( 'NONE',  ( 0.000000000000000000, 0.000000000000000000, 1.000000000000000000 ) ) ;
#2561 = CARTESIAN_POINT ( 'NONE',  ( -3.000000000000000000, 24.00000000000000000, 5.196152422706632024 ) ) ;
#2562 = EDGE_CURVE ( 'NONE', #1789, #1493, #190, .T. ) ;
#2563 = CARTESIAN_POINT ( 'NONE',  ( -13.69763513652387843, 6.500000000000000888, -4.274999999999998579 ) ) ;
#2564 = EDGE_CURVE ( 'NONE', #2629, #1420, #1724, .T. ) ;
#2565 = EDGE_LOOP ( 'NONE', ( #477, #2626, #293, #2588, #1680, #2502 ) ) ;
#2566 = DIRECTION ( 'NONE',  ( 0.000000000000000000, 0.000000000000000000, 1.000000000000000000 ) ) ;
#2567 = ORIENTED_EDGE ( 'NONE', *, *, #1485, .T. ) ;
#2568 = DIRECTION ( 'NONE',  ( 0.000000000000000000, 0.000000000000000000, 1.000000000000000000 ) ) ;
#2569 = LINE ( 'NONE', #2812, #1804 ) ;
#2570 = DIRECTION ( 'NONE',  ( 0.000000000000000000, 0.000000000000000000, -1.000000000000000000 ) ) ;
#2571 = ORIENTED_EDGE ( 'NONE', *, *, #725, .T. ) ;
#2572 = DIRECTION ( 'NONE',  ( 0.000000000000000000, 0.000000000000000000, 1.000000000000000000 ) ) ;
#2573 = ORIENTED_EDGE ( 'NONE', *, *, #2497, .F. ) ;
#2574 = CARTESIAN_POINT ( 'NONE',  ( 8.422097051803675072, 14.00000000000000000, 4.862500000000004263 ) ) ;
#2575 = CIRCLE ( 'NONE', #634, 3.050000000000000711 ) ;
#2576 = LINE ( 'NONE', #3059, #1462 ) ;
#2577 = VECTOR ( 'NONE', #2600, 1000.000000000000000 ) ;
#2578 = CARTESIAN_POINT ( 'NONE',  ( -12.12435565298214613, 6.500000000000000888, -5.449999999999998401 ) ) ;
#2579 = EDGE_LOOP ( 'NONE', ( #2194, #2738 ) ) ;
#2580 = LOCAL_TIME ( 2, 52, 9.000000000000000000, #2923 ) ;
#2581 = DIRECTION ( 'NONE',  ( 0.000000000000000000, 1.000000000000000000, -0.000000000000000000 ) ) ;
#2582 = ORIENTED_EDGE ( 'NONE', *, *, #2027, .F. ) ;
#2583 = AXIS2_PLACEMENT_3D ( 'NONE', #2989, #687, #2971 ) ;
#2584 = CYLINDRICAL_SURFACE ( 'NONE', #2937, 6.000000000000000888 ) ;
#2585 = ADVANCED_FACE ( 'NONE', ( #2737 ), #431, .F. ) ;
#2586 = DIRECTION ( 'NONE',  ( 0.000000000000000000, 0.000000000000000000, -1.000000000000000000 ) ) ;
#2587 = DIRECTION ( 'NONE',  ( -0.000000000000000000, -1.000000000000000000, 0.000000000000000000 ) ) ;
#2588 = ORIENTED_EDGE ( 'NONE', *, *, #266, .T. ) ;
#2589 = DIRECTION ( 'NONE',  ( 0.000000000000000000, 0.000000000000000000, 1.000000000000000000 ) ) ;
#2590 = CARTESIAN_POINT ( 'NONE',  ( -4.500000000000000000, 0.000000000000000000, -2.598076211353313791 ) ) ;
#2591 = ORIENTED_EDGE ( 'NONE', *, *, #3097, .F. ) ;
#2592 = DIRECTION ( 'NONE',  ( 0.000000000000000000, 1.000000000000000000, -0.000000000000000000 ) ) ;
#2593 = DIRECTION ( 'NONE',  ( -0.000000000000000000, -1.000000000000000000, -0.000000000000000000 ) ) ;
#2594 = DIRECTION ( 'NONE',  ( 0.000000000000000000, -1.000000000000000000, 0.000000000000000000 ) ) ;
#2595 = VERTEX_POINT ( 'NONE', #2755 ) ;
#2596 = DIRECTION ( 'NONE',  ( -0.000000000000000000, -1.000000000000000000, -0.000000000000000000 ) ) ;
#2597 = CARTESIAN_POINT ( 'NONE',  ( -11.87326303086057244, 14.24209225271731860, -9.724999999999997868 ) ) ;
#2598 = ADVANCED_FACE ( 'NONE', ( #2013 ), #3054, .T. ) ;
#2599 = CARTESIAN_POINT ( 'NONE',  ( -14.27320684782973892, 10.00000000000000000, -4.612544447381106139 ) ) ;
#2600 = DIRECTION ( 'NONE',  ( -0.000000000000000000, 1.000000000000000000, -0.000000000000000000 ) ) ;
#2601 = AXIS2_PLACEMENT_3D ( 'NONE', #1357, #2372, #1386 ) ;
#2602 = DIRECTION ( 'NONE',  ( -0.000000000000000000, -1.000000000000000000, -0.000000000000000000 ) ) ;
#2603 = CARTESIAN_POINT ( 'NONE',  ( 20.00000000000000355, 0.000000000000000000, -2.810252031082427493E-13 ) ) ;
#2604 = ORIENTED_EDGE ( 'NONE', *, *, #2317, .T. ) ;
#2605 = EDGE_CURVE ( 'NONE', #2520, #1504, #1066, .T. ) ;
#2606 = CARTESIAN_POINT ( 'NONE',  ( 0.000000000000000000, 10.00000000000000000, 0.000000000000000000 ) ) ;
#2607 = CIRCLE ( 'NONE', #504, 5.049999999999998046 ) ;
#2608 = ORIENTED_EDGE ( 'NONE', *, *, #198, .F. ) ;
#2609 = AXIS2_PLACEMENT_3D ( 'NONE', #1331, #576, #1866 ) ;
#2610 = DIRECTION ( 'NONE',  ( -0.000000000000000000, 1.000000000000000000, -0.000000000000000000 ) ) ;
#2611 = DIRECTION ( 'NONE',  ( -0.000000000000000000, 1.000000000000000000, -0.000000000000000000 ) ) ;
#2612 = ORIENTED_EDGE ( 'NONE', *, *, #451, .F. ) ;
#2613 = APPLICATION_CONTEXT ( 'configuration controlled 3d designs of mechanical parts and assemblies' ) ;
#2614 = DIRECTION ( 'NONE',  ( -0.4999999999999998890, 0.000000000000000000, -0.8660254037844387076 ) ) ;
#2615 = ORIENTED_EDGE ( 'NONE', *, *, #2730, .T. ) ;
#2616 = DIRECTION ( 'NONE',  ( 0.000000000000000000, 0.000000000000000000, 1.000000000000000000 ) ) ;
#2617 = DIRECTION ( 'NONE',  ( 0.000000000000000000, 0.000000000000000000, 1.000000000000000000 ) ) ;
#2618 = LINE ( 'NONE', #1332, #2279 ) ;
#2619 = ORIENTED_EDGE ( 'NONE', *, *, #1801, .T. ) ;
#2620 = CARTESIAN_POINT ( 'NONE',  ( -11.87326303086055823, 10.00000000000000000, -9.724999999999997868 ) ) ;
#2621 = ADVANCED_FACE ( 'NONE', ( #1011, #243 ), #262, .T. ) ;
#2622 = CARTESIAN_POINT ( 'NONE',  ( 8.422097051803675072, 6.500000000000000888, 4.862500000000004263 ) ) ;
#2623 = CARTESIAN_POINT ( 'NONE',  ( 9.999999999999964473, 6.000000000000000000, 17.32050807568879236 ) ) ;
#2624 = EDGE_CURVE ( 'NONE', #1383, #2012, #2307, .T. ) ;
#2625 = AXIS2_PLACEMENT_3D ( 'NONE', #1805, #1563, #2324 ) ;
#2626 = ORIENTED_EDGE ( 'NONE', *, *, #1614, .T. ) ;
#2627 = AXIS2_PLACEMENT_3D ( 'NONE', #2276, #2030, #1194 ) ;
#2628 = AXIS2_PLACEMENT_3D ( 'NONE', #1839, #514, #551 ) ;
#2629 = VERTEX_POINT ( 'NONE', #1570 ) ;
#2630 = CARTESIAN_POINT ( 'NONE',  ( 3.673940397442059178E-15, 24.00000000000000000, 30.00000000000000000 ) ) ;
#2631 = CARTESIAN_POINT ( 'NONE',  ( 9.999999999999964473, 6.000000000000000000, 14.27050807568879343 ) ) ;
#2632 = DIRECTION ( 'NONE',  ( 0.000000000000000000, -1.000000000000000000, 0.000000000000000000 ) ) ;
#2633 = VERTEX_POINT ( 'NONE', #1771 ) ;
#2634 = CIRCLE ( 'NONE', #2476, 3.050000000000241407 ) ;
#2635 = CARTESIAN_POINT ( 'NONE',  ( 0.000000000000000000, 24.00000000000000000, 0.000000000000000000 ) ) ;
#2636 = DIRECTION ( 'NONE',  ( 0.000000000000000000, 1.000000000000000000, -0.000000000000000000 ) ) ;
#2637 = ORIENTED_EDGE ( 'NONE', *, *, #996, .T. ) ;
#2638 = EDGE_CURVE ( 'NONE', #1729, #69, #2082, .T. ) ;
#2639 = CARTESIAN_POINT ( 'NONE',  ( -10.00000000000008527, 24.00000000000000000, -14.27050807568872948 ) ) ;
#2640 = CARTESIAN_POINT ( 'NONE',  ( 0.000000000000000000, 14.00000000000000000, 0.000000000000000000 ) ) ;
#2641 = CIRCLE ( 'NONE', #1188, 3.050000000000000711 ) ;
#2642 = DIRECTION ( 'NONE',  ( -0.000000000000000000, -1.000000000000000000, 0.000000000000000000 ) ) ;
#2643 = CARTESIAN_POINT ( 'NONE',  ( 0.000000000000000000, 10.00000000000000000, 0.000000000000000000 ) ) ;
#2644 = ORIENTED_EDGE ( 'NONE', *, *, #602, .F. ) ;
#2645 = CIRCLE ( 'NONE', #1249, 5.049999999999839062 ) ;
#2646 = LINE ( 'NONE', #2434, #722 ) ;
#2647 = LINE ( 'NONE', #1626, #1521 ) ;
#2648 = CARTESIAN_POINT ( 'NONE',  ( 12.12435565298214435, 6.500000000000000888, -5.449999999999996625 ) ) ;
#2649 = ORIENTED_EDGE ( 'NONE', *, *, #320, .F. ) ;
#2650 = VECTOR ( 'NONE', #124, 1000.000000000000114 ) ;
#2651 = EDGE_CURVE ( 'NONE', #843, #3257, #582, .T. ) ;
#2652 = EDGE_CURVE ( 'NONE', #2465, #745, #3340, .T. ) ;
#2653 = CARTESIAN_POINT ( 'NONE',  ( 13.69763513652386777, 6.500000000000000888, -9.725000000000008527 ) ) ;
#2654 = CARTESIAN_POINT ( 'NONE',  ( 0.000000000000000000, 0.000000000000000000, 0.000000000000000000 ) ) ;
#2655 = PERSON_AND_ORGANIZATION_ROLE ( 'creator' ) ;
#2656 = ORIENTED_EDGE ( 'NONE', *, *, #724, .F. ) ;
#2657 = DIRECTION ( 'NONE',  ( 0.000000000000000000, 0.000000000000000000, -1.000000000000000000 ) ) ;
#2658 = CARTESIAN_POINT ( 'NONE',  ( 10.00000000000020606, 6.000000000000000000, 17.32050807568865736 ) ) ;
#2659 = ORIENTED_EDGE ( 'NONE', *, *, #1899, .F. ) ;
#2660 = DIRECTION ( 'NONE',  ( -0.000000000000000000, 1.000000000000000000, 0.000000000000000000 ) ) ;
#2661 = DIRECTION ( 'NONE',  ( -0.000000000000000000, 1.000000000000000000, -0.000000000000000000 ) ) ;
#2662 = LINE ( 'NONE', #2137, #599 ) ;
#2663 = VERTEX_POINT ( 'NONE', #558 ) ;
#2664 = CARTESIAN_POINT ( 'NONE',  ( -20.00000000000000000, 6.000000000000000000, 1.127570259384951496E-13 ) ) ;
#2665 = CARTESIAN_POINT ( 'NONE',  ( -3.142022756397953920, 10.00000000000000000, 14.66723194738112213 ) ) ;
#2666 = EDGE_CURVE ( 'NONE', #617, #2309, #2041, .T. ) ;
#2667 = CIRCLE ( 'NONE', #860, 1.999999999999998224 ) ;
#2668 = ORIENTED_EDGE ( 'NONE', *, *, #1197, .T. ) ;
#2669 = DIRECTION ( 'NONE',  ( 0.000000000000000000, 0.000000000000000000, -1.000000000000000000 ) ) ;
#2670 = VERTEX_POINT ( 'NONE', #39 ) ;
#2671 = ORIENTED_EDGE ( 'NONE', *, *, #2709, .F. ) ;
#2672 = APPROVAL_PERSON_ORGANIZATION ( #848, #1298, #2143 ) ;
#2673 = EDGE_CURVE ( 'NONE', #3206, #1691, #1295, .T. ) ;
#2674 = CARTESIAN_POINT ( 'NONE',  ( -4.500000000000000000, 24.00000000000000000, 2.598076211353315568 ) ) ;
#2675 = DIRECTION ( 'NONE',  ( 0.4999999999999998890, 0.000000000000000000, -0.8660254037844387076 ) ) ;
#2676 = CARTESIAN_POINT ( 'NONE',  ( 0.000000000000000000, 15.00000000000000000, 0.000000000000000000 ) ) ;
#2677 = VERTEX_POINT ( 'NONE', #2294 ) ;
#2678 = EDGE_LOOP ( 'NONE', ( #2262, #1061 ) ) ;
#2679 = ORIENTED_EDGE ( 'NONE', *, *, #546, .F. ) ;
#2680 = DIRECTION ( 'NONE',  ( -0.000000000000000000, 1.000000000000000000, -0.000000000000000000 ) ) ;
#2681 = CYLINDRICAL_SURFACE ( 'NONE', #905, 1.550000000000000933 ) ;
#2682 = AXIS2_PLACEMENT_3D ( 'NONE', #872, #76, #2123 ) ;
#2683 = ORIENTED_EDGE ( 'NONE', *, *, #744, .T. ) ;
#2684 = LINE ( 'NONE', #914, #2650 ) ;
#2685 = AXIS2_PLACEMENT_3D ( 'NONE', #1636, #2382, #2892 ) ;
#2686 = VERTEX_POINT ( 'NONE', #2842 ) ;
#2687 = ORIENTED_EDGE ( 'NONE', *, *, #365, .T. ) ;
#2688 = LINE ( 'NONE', #1418, #885 ) ;
#2689 = EDGE_CURVE ( 'NONE', #1147, #741, #2467, .T. ) ;
#2690 = CARTESIAN_POINT ( 'NONE',  ( 8.000000000000000000, 24.00000000000000000, -26.83281572999747056 ) ) ;
#2691 = ORIENTED_EDGE ( 'NONE', *, *, #3049, .F. ) ;
#2692 = DIRECTION ( 'NONE',  ( 0.000000000000000000, 0.000000000000000000, 1.000000000000000000 ) ) ;
#2693 = CARTESIAN_POINT ( 'NONE',  ( 0.000000000000000000, 9.000000000000000000, 0.000000000000000000 ) ) ;
#2694 = ORIENTED_EDGE ( 'NONE', *, *, #2545, .F. ) ;
#2695 = VECTOR ( 'NONE', #615, 1000.000000000000000 ) ;
#2696 = LINE ( 'NONE', #1167, #85 ) ;
#2697 = VERTEX_POINT ( 'NONE', #3322 ) ;
#2698 = LINE ( 'NONE', #708, #940 ) ;
#2699 = DIRECTION ( 'NONE',  ( -1.000000000000000000, -0.000000000000000000, -2.891205793294678326E-16 ) ) ;
#2700 = ORIENTED_EDGE ( 'NONE', *, *, #753, .F. ) ;
#2701 = DIRECTION ( 'NONE',  ( 0.000000000000000000, 0.000000000000000000, 1.000000000000000000 ) ) ;
#2702 = ORIENTED_EDGE ( 'NONE', *, *, #2358, .F. ) ;
#2703 = ORIENTED_EDGE ( 'NONE', *, *, #2481, .F. ) ;
#2704 = DIRECTION ( 'NONE',  ( 0.000000000000000000, 1.000000000000000000, -0.000000000000000000 ) ) ;
#2705 = DIRECTION ( 'NONE',  ( 0.000000000000000000, -1.000000000000000000, 0.000000000000000000 ) ) ;
#2706 = ORIENTED_EDGE ( 'NONE', *, *, #566, .F. ) ;
#2707 = CYLINDRICAL_SURFACE ( 'NONE', #3010, 1.999999999999998224 ) ;
#2708 = EDGE_CURVE ( 'NONE', #2460, #1586, #226, .T. ) ;
#2709 = EDGE_CURVE ( 'NONE', #174, #2530, #1258, .T. ) ;
#2710 = DIRECTION ( 'NONE',  ( -0.000000000000000000, 1.000000000000000000, 0.000000000000000000 ) ) ;
#2711 = DIRECTION ( 'NONE',  ( 0.000000000000000000, 1.000000000000000000, -0.000000000000000000 ) ) ;
#2712 = ORIENTED_EDGE ( 'NONE', *, *, #345, .F. ) ;
#2713 = ADVANCED_FACE ( 'NONE', ( #3064 ), #1830, .F. ) ;
#2714 = CARTESIAN_POINT ( 'NONE',  ( 10.55107616944041027, 6.500000000000000888, -9.725000000000010303 ) ) ;
#2715 = PLANE ( 'NONE',  #321 ) ;
#2716 = ORIENTED_EDGE ( 'NONE', *, *, #2980, .F. ) ;
#2718 = CARTESIAN_POINT ( 'NONE',  ( -8.000000000000000000, 24.00000000000000000, -26.83281572999747056 ) ) ;
#2717 = AXIS2_PLACEMENT_3D ( 'NONE', #983, #1996, #3014 ) ;
#2719 = VERTEX_POINT ( 'NONE', #2807 ) ;
#2720 = ORIENTED_EDGE ( 'NONE', *, *, #53, .F. ) ;
#2721 = AXIS2_PLACEMENT_3D ( 'NONE', #2693, #1149, #923 ) ;
#2722 = FACE_OUTER_BOUND ( 'NONE', #598, .T. ) ;
#2723 = CARTESIAN_POINT ( 'NONE',  ( 20.00000000000000355, 6.000000000000000000, -5.050000000000278710 ) ) ;
#2724 = ORIENTED_EDGE ( 'NONE', *, *, #1914, .F. ) ;
#2725 = AXIS2_PLACEMENT_3D ( 'NONE', #3163, #3147, #847 ) ;
#2726 = FACE_OUTER_BOUND ( 'NONE', #2565, .T. ) ;
#2727 = DIRECTION ( 'NONE',  ( -0.4999999999999998890, 0.000000000000000000, -0.8660254037844387076 ) ) ;
#2728 = VECTOR ( 'NONE', #3072, 1000.000000000000000 ) ;
#2729 = DIRECTION ( 'NONE',  ( -1.000000000000000000, 0.000000000000000000, -5.513081096283155864E-16 ) ) ;
#2730 = EDGE_CURVE ( 'NONE', #2663, #1313, #1441, .T. ) ;
#2731 = VERTEX_POINT ( 'NONE', #2597 ) ;
#2732 = CIRCLE ( 'NONE', #1024, 6.000000000000001776 ) ;
#2733 = CARTESIAN_POINT ( 'NONE',  ( 9.999999999999914735, 6.000000000000000000, -14.27050807568877566 ) ) ;
#2734 = EDGE_CURVE ( 'NONE', #2196, #2214, #2142, .T. ) ;
#2735 = CARTESIAN_POINT ( 'NONE',  ( 3.000000000000000000, 0.000000000000000000, 5.196152422706633800 ) ) ;
#2736 = EDGE_LOOP ( 'NONE', ( #350, #511, #1163, #113 ) ) ;
#2737 = FACE_OUTER_BOUND ( 'NONE', #1668, .T. ) ;
#2738 = ORIENTED_EDGE ( 'NONE', *, *, #1362, .F. ) ;
#2739 = EDGE_LOOP ( 'NONE', ( #852, #673 ) ) ;
#2740 = CIRCLE ( 'NONE', #1733, 1.999999999999998224 ) ;
#2741 = LINE ( 'NONE', #434, #943 ) ;
#2742 = CARTESIAN_POINT ( 'NONE',  ( -6.000000000000000000, 10.00000000000000000, -15.00000000000000178 ) ) ;
#2743 = ORIENTED_EDGE ( 'NONE', *, *, #1346, .T. ) ;
#2744 = FACE_OUTER_BOUND ( 'NONE', #2074, .T. ) ;
#2745 = CARTESIAN_POINT ( 'NONE',  ( 0.000000000000000000, 6.500000000000000888, 11.27500000000000568 ) ) ;
#2746 = CARTESIAN_POINT ( 'NONE',  ( 12.55727901688124426, 14.00000000000000000, -9.725000000000008527 ) ) ;
#2747 = ORIENTED_EDGE ( 'NONE', *, *, #2375, .T. ) ;
#2748 = AXIS2_PLACEMENT_3D ( 'NONE', #3051, #2051, #2552 ) ;
#2749 = FACE_OUTER_BOUND ( 'NONE', #2409, .T. ) ;
#2750 = AXIS2_PLACEMENT_3D ( 'NONE', #2368, #287, #44 ) ;
#2751 = PERSON_AND_ORGANIZATION_ROLE ( 'classification_officer' ) ;
#2752 = ADVANCED_FACE ( 'NONE', ( #1029 ), #2062, .F. ) ;
#2753 = CIRCLE ( 'NONE', #612, 3.050000000000045564 ) ;
#2754 = VERTEX_POINT ( 'NONE', #3119 ) ;
#2755 = CARTESIAN_POINT ( 'NONE',  ( 15.27091462006560185, 6.500000000000000888, -7.000000000000007105 ) ) ;
#2756 = ORIENTED_EDGE ( 'NONE', *, *, #2885, .T. ) ;
#2757 = PRODUCT_DEFINITION_SHAPE ( 'NONE', 'NONE',  #3129 ) ;
#2758 = CARTESIAN_POINT ( 'NONE',  ( -5.999999999999998224, 0.000000000000000000, 1.734723475976807094E-15 ) ) ;
#2759 = CARTESIAN_POINT ( 'NONE',  ( 6.000000000000000000, 24.00000000000000000, -26.83281572999747411 ) ) ;
#2760 = VERTEX_POINT ( 'NONE', #120 ) ;
#2761 = DIRECTION ( 'NONE',  ( 0.000000000000000000, -1.000000000000000000, 0.000000000000000000 ) ) ;
#2762 = DIRECTION ( 'NONE',  ( 0.000000000000000000, 1.000000000000000000, -0.000000000000000000 ) ) ;
#2763 = ORIENTED_EDGE ( 'NONE', *, *, #3068, .T. ) ;
#2764 = DIRECTION ( 'NONE',  ( -1.000000000000000000, 0.000000000000000000, 0.000000000000000000 ) ) ;
#2765 = VERTEX_POINT ( 'NONE', #1155 ) ;
#2766 = CARTESIAN_POINT ( 'NONE',  ( -6.000000000000000000, 10.00000000000000000, -15.00000000000000178 ) ) ;
#2767 = DIRECTION ( 'NONE',  ( 0.000000000000000000, 0.000000000000000000, 1.000000000000000000 ) ) ;
#2768 = ORIENTED_EDGE ( 'NONE', *, *, #1547, .F. ) ;
#2769 = CARTESIAN_POINT ( 'NONE',  ( 6.000000000000000000, 24.00000000000000000, 0.000000000000000000 ) ) ;
#2770 = EDGE_CURVE ( 'NONE', #3353, #683, #500, .T. ) ;
#2771 = VERTEX_POINT ( 'NONE', #2639 ) ;
#2772 = CC_DESIGN_PERSON_AND_ORGANIZATION_ASSIGNMENT ( #1638, #2655, ( #3129 ) ) ;
#2773 = FACE_OUTER_BOUND ( 'NONE', #3208, .T. ) ;
#2774 = CARTESIAN_POINT ( 'NONE',  ( -10.00000000000007105, 24.00000000000000000, 17.32050807568873196 ) ) ;
#2775 = VERTEX_POINT ( 'NONE', #1572 ) ;
#2776 = EDGE_CURVE ( 'NONE', #2231, #2754, #2575, .T. ) ;
#2777 = DIRECTION ( 'NONE',  ( -0.000000000000000000, 1.000000000000000000, -0.000000000000000000 ) ) ;
#2778 = CIRCLE ( 'NONE', #1165, 5.049999999999998046 ) ;
#2779 = LINE ( 'NONE', #1559, #35 ) ;
#2780 = VECTOR ( 'NONE', #2128, 1000.000000000000000 ) ;
#2781 = EDGE_LOOP ( 'NONE', ( #584, #2604, #1930, #2507, #2278, #715 ) ) ;
#2782 = CARTESIAN_POINT ( 'NONE',  ( -8.000000000000000000, 24.00000000000000000, -26.83281572999747056 ) ) ;
#2783 = VERTEX_POINT ( 'NONE', #1351 ) ;
#2784 = FACE_OUTER_BOUND ( 'NONE', #393, .T. ) ;
#2785 = AXIS2_PLACEMENT_3D ( 'NONE', #3295, #989, #3038 ) ;
#2786 = DIRECTION ( 'NONE',  ( 0.000000000000000000, 1.000000000000000000, -0.000000000000000000 ) ) ;
#2787 = APPROVAL_DATE_TIME ( #2257, #1192 ) ;
#2788 = LINE ( 'NONE', #484, #2915 ) ;
#2789 = CIRCLE ( 'NONE', #1940, 3.050000000000000711 ) ;
#2790 = VERTEX_POINT ( 'NONE', #1082 ) ;
#2791 = DIRECTION ( 'NONE',  ( -0.000000000000000000, -1.000000000000000000, 0.000000000000000000 ) ) ;
#2792 = ORIENTED_EDGE ( 'NONE', *, *, #3116, .F. ) ;
#2793 = CARTESIAN_POINT ( 'NONE',  ( -20.00000000000000000, 6.000000000000000000, 5.050000000000089528 ) ) ;
#2794 = CARTESIAN_POINT ( 'NONE',  ( 0.000000000000000000, 10.00000000000000000, 15.00000000000000000 ) ) ;
#2795 = ORIENTED_EDGE ( 'NONE', *, *, #156, .F. ) ;
#2796 = DIRECTION ( 'NONE',  ( 0.000000000000000000, 0.000000000000000000, 1.000000000000000000 ) ) ;
#2797 = DIRECTION ( 'NONE',  ( 0.000000000000000000, 0.000000000000000000, 1.000000000000000000 ) ) ;
#2798 = EDGE_CURVE ( 'NONE', #3075, #2629, #1278, .T. ) ;
#2799 = ORIENTED_EDGE ( 'NONE', *, *, #445, .F. ) ;
#2800 = LINE ( 'NONE', #3314, #373 ) ;
#2801 = DIRECTION ( 'NONE',  ( 0.000000000000000000, -1.000000000000000000, 0.000000000000000000 ) ) ;
#2802 = VECTOR ( 'NONE', #1190, 1000.000000000000000 ) ;
#2803 = LINE ( 'NONE', #3336, #1283 ) ;
#2804 = CARTESIAN_POINT ( 'NONE',  ( 14.27320684782973181, 10.00000000000000000, -4.612544447381121238 ) ) ;
#2805 = ORIENTED_EDGE ( 'NONE', *, *, #476, .F. ) ;
#2806 = TOROIDAL_SURFACE ( 'NONE', #1359, 16.00000000000000000, 1.000000000000000000 ) ;
#2807 = CARTESIAN_POINT ( 'NONE',  ( -10.00000000000007105, 24.00000000000000000, 20.37050807568873267 ) ) ;
#2808 = AXIS2_PLACEMENT_3D ( 'NONE', #3043, #460, #995 ) ;
#2809 = ORIENTED_EDGE ( 'NONE', *, *, #3261, .F. ) ;
#2810 = LINE ( 'NONE', #7, #1660 ) ;
#2811 = CIRCLE ( 'NONE', #2446, 5.049999999999976730 ) ;
#2812 = CARTESIAN_POINT ( 'NONE',  ( -3.702258601178476383, 10.00000000000000000, 2.137500000000004619 ) ) ;
#2813 = FACE_OUTER_BOUND ( 'NONE', #2146, .T. ) ;
#2814 = EDGE_LOOP ( 'NONE', ( #2015, #1964, #1244, #104 ) ) ;
#2815 = AXIS2_PLACEMENT_3D ( 'NONE', #419, #228, #1982 ) ;
#2816 = DIRECTION ( 'NONE',  ( 0.000000000000000000, 0.000000000000000000, -1.000000000000000000 ) ) ;
#2817 = EDGE_CURVE ( 'NONE', #1238, #2000, #311, .T. ) ;
#2818 = ORIENTED_EDGE ( 'NONE', *, *, #241, .F. ) ;
#2819 = DIRECTION ( 'NONE',  ( -0.4999999999999999445, -0.000000000000000000, -0.8660254037844387076 ) ) ;
#2820 = ADVANCED_FACE ( 'NONE', ( #2862 ), #1817, .F. ) ;
#2821 = CARTESIAN_POINT ( 'NONE',  ( 20.00000000000000355, 10.00000000000000000, 1.734723475976807094E-15 ) ) ;
#2822 = FACE_OUTER_BOUND ( 'NONE', #2536, .T. ) ;
#2823 = EDGE_LOOP ( 'NONE', ( #2743, #2687, #1862, #2756, #1179, #1360, #803, #1168 ) ) ;
#2824 = EDGE_CURVE ( 'NONE', #1561, #2120, #1335, .T. ) ;
#2825 = CARTESIAN_POINT ( 'NONE',  ( 0.000000000000000000, 6.500000000000000888, 16.72500000000000497 ) ) ;
#2826 = ORIENTED_EDGE ( 'NONE', *, *, #3009, .F. ) ;
#2827 = CARTESIAN_POINT ( 'NONE',  ( 6.000000000000000000, 10.00000000000000000, -26.83281572999747056 ) ) ;
#2828 = DIRECTION ( 'NONE',  ( -0.000000000000000000, 0.000000000000000000, -1.000000000000000000 ) ) ;
#2829 = PLANE ( 'NONE',  #1092 ) ;
#2830 = ORIENTED_EDGE ( 'NONE', *, *, #753, .T. ) ;
#2831 = CYLINDRICAL_SURFACE ( 'NONE', #1773, 15.00000000000000000 ) ;
#2832 = VERTEX_POINT ( 'NONE', #296 ) ;
#2833 = CARTESIAN_POINT ( 'NONE',  ( 12.12435565298214435, 0.000000000000000000, -8.549999999999998934 ) ) ;
#2834 = AXIS2_PLACEMENT_3D ( 'NONE', #175, #2994, #2514 ) ;
#2835 = DIRECTION ( 'NONE',  ( 0.000000000000000000, 0.000000000000000000, -1.000000000000000000 ) ) ;
#2836 = CIRCLE ( 'NONE', #466, 5.049999999999998934 ) ;
#2837 = DIRECTION ( 'NONE',  ( -0.8660254037844384856, 0.000000000000000000, 0.5000000000000004441 ) ) ;
#2838 = ORIENTED_EDGE ( 'NONE', *, *, #1076, .F. ) ;
#2839 = EDGE_CURVE ( 'NONE', #990, #645, #619, .T. ) ;
#2840 = EDGE_CURVE ( 'NONE', #2463, #1147, #2064, .T. ) ;
#2841 = CARTESIAN_POINT ( 'NONE',  ( -11.57563494923924630, 14.46899022361889209, -9.760465956108173913 ) ) ;
#2842 = CARTESIAN_POINT ( 'NONE',  ( 0.000000000000000000, 15.00000000000000000, 15.00000000000000000 ) ) ;
#2843 = LINE ( 'NONE', #2396, #824 ) ;
#2844 = CARTESIAN_POINT ( 'NONE',  ( -14.77474167825648621, 14.00000000000000000, -6.140603255445681086 ) ) ;
#2845 = CARTESIAN_POINT ( 'NONE',  ( -9.838541447552833219, 10.00000000000000000, 11.32268087445658900 ) ) ;
#2846 = DIRECTION ( 'NONE',  ( -0.000000000000000000, -1.000000000000000000, -0.000000000000000000 ) ) ;
#2847 = VERTEX_POINT ( 'NONE', #3086 ) ;
#2848 = DIRECTION ( 'NONE',  ( -0.000000000000000000, 1.000000000000000000, -0.000000000000000000 ) ) ;
#2849 = DIRECTION ( 'NONE',  ( 1.000000000000000000, -0.000000000000000000, 0.000000000000000000 ) ) ;
#2850 = VERTEX_POINT ( 'NONE', #2630 ) ;
#2851 = DIRECTION ( 'NONE',  ( 1.000000000000000000, -0.000000000000000000, -0.000000000000000000 ) ) ;
#2852 = LINE ( 'NONE', #220, #97 ) ;
#2853 = AXIS2_PLACEMENT_3D ( 'NONE', #1525, #793, #536 ) ;
#2854 = CARTESIAN_POINT ( 'NONE',  ( 15.22475397101838190, 10.00000000000000000, -4.920047410539863719 ) ) ;
#2855 = CARTESIAN_POINT ( 'NONE',  ( 14.23323023053245784, 14.86573248392165958, -4.736249386004432793 ) ) ;
#2856 = VECTOR ( 'NONE', #877, 1000.000000000000000 ) ;
#2857 = ORIENTED_EDGE ( 'NONE', *, *, #930, .T. ) ;
#2858 = CARTESIAN_POINT ( 'NONE',  ( -11.32634209618132459, 14.72840311919259193, -9.876598038660034717 ) ) ;
#2859 = EDGE_CURVE ( 'NONE', #340, #1516, #2836, .T. ) ;
#2860 = CARTESIAN_POINT ( 'NONE',  ( 0.000000000000000000, 6.000000000000000000, 0.000000000000000000 ) ) ;
#2861 = PLANE ( 'NONE',  #212 ) ;
#2862 = FACE_OUTER_BOUND ( 'NONE', #841, .T. ) ;
#2863 = EDGE_CURVE ( 'NONE', #2927, #578, #2810, .T. ) ;
#2864 = ADVANCED_FACE ( 'NONE', ( #526 ), #1865, .F. ) ;
#2865 = AXIS2_PLACEMENT_3D ( 'NONE', #2121, #2154, #3141 ) ;
#2866 = LINE ( 'NONE', #297, #3305 ) ;
#2867 = CARTESIAN_POINT ( 'NONE',  ( -14.48427487829473925, 14.00000000000000000, -8.362499999999998934 ) ) ;
#2868 = ORIENTED_EDGE ( 'NONE', *, *, #597, .T. ) ;
#2869 = CARTESIAN_POINT ( 'NONE',  ( 12.12435565298214435, 6.500000000000000888, -8.549999999999998934 ) ) ;
#2870 = AXIS2_PLACEMENT_3D ( 'NONE', #276, #1161, #3223 ) ;
#2871 = AXIS2_PLACEMENT_3D ( 'NONE', #3122, #2319, #1535 ) ;
#2872 = DIRECTION ( 'NONE',  ( 0.000000000000000000, 0.000000000000000000, -1.000000000000000000 ) ) ;
#2873 = CARTESIAN_POINT ( 'NONE',  ( -14.24063365511373469, 14.46897593259772563, -5.144577272191385831 ) ) ;
#2874 = ORIENTED_EDGE ( 'NONE', *, *, #365, .F. ) ;
#2875 = DIRECTION ( 'NONE',  ( -0.000000000000000000, 1.000000000000000000, -0.000000000000000000 ) ) ;
#2876 = CARTESIAN_POINT ( 'NONE',  ( 2.664982218107075695, 14.46897593259772563, 14.90503914741183600 ) ) ;
#2877 = EDGE_CURVE ( 'NONE', #611, #1455, #1549, .T. ) ;
#2878 = ORIENTED_EDGE ( 'NONE', *, *, #34, .T. ) ;
#2879 = DIRECTION ( 'NONE',  ( -0.000000000000000000, 1.000000000000000000, -0.000000000000000000 ) ) ;
#2880 = CARTESIAN_POINT ( 'NONE',  ( -12.12435565298214613, 0.000000000000000000, -8.549999999999998934 ) ) ;
#2881 = ADVANCED_FACE ( 'NONE', ( #3121 ), #2584, .T. ) ;
#2882 = CARTESIAN_POINT ( 'NONE',  ( 12.12435565298214435, 6.500000000000000888, -6.999999999999997335 ) ) ;
#2883 = FACE_OUTER_BOUND ( 'NONE', #2212, .T. ) ;
#2884 = VERTEX_POINT ( 'NONE', #3104 ) ;
#2885 = EDGE_CURVE ( 'NONE', #698, #2105, #799, .T. ) ;
#2886 = CARTESIAN_POINT ( 'NONE',  ( -9.838541447552833219, 10.00000000000000000, 11.32268087445658900 ) ) ;
#2887 = DIRECTION ( 'NONE',  ( 0.000000000000000000, 0.000000000000000000, -1.000000000000000000 ) ) ;
#2888 = VERTEX_POINT ( 'NONE', #282 ) ;
#2889 = VECTOR ( 'NONE', #348, 1000.000000000000000 ) ;
#2890 = DIRECTION ( 'NONE',  ( 0.000000000000000000, 0.000000000000000000, -1.000000000000000000 ) ) ;
#2891 = VECTOR ( 'NONE', #1392, 1000.000000000000000 ) ;
#2892 = DIRECTION ( 'NONE',  ( 0.000000000000000000, 0.000000000000000000, -1.000000000000000000 ) ) ;
#2893 = CARTESIAN_POINT ( 'NONE',  ( 6.000000000000000000, 24.00000000000000000, -15.00000000000000178 ) ) ;
#2894 = LINE ( 'NONE', #2925, #690 ) ;
#2895 = DIRECTION ( 'NONE',  ( 0.000000000000000000, 1.000000000000000000, -0.000000000000000000 ) ) ;
#2896 = ORIENTED_EDGE ( 'NONE', *, *, #707, .T. ) ;
#2897 = AXIS2_PLACEMENT_3D ( 'NONE', #532, #804, #27 ) ;
#2898 = CARTESIAN_POINT ( 'NONE',  ( 12.12435565298214435, 0.000000000000000000, -6.999999999999997335 ) ) ;
#2899 = DIRECTION ( 'NONE',  ( 0.8660254037844387076, 0.000000000000000000, 0.4999999999999998890 ) ) ;
#2900 = FACE_OUTER_BOUND ( 'NONE', #1320, .T. ) ;
#2901 = EDGE_CURVE ( 'NONE', #2731, #642, #1221, .T. ) ;
#2902 = ORIENTED_EDGE ( 'NONE', *, *, #2545, .T. ) ;
#2903 = AXIS2_PLACEMENT_3D ( 'NONE', #3096, #1290, #2835 ) ;
#2904 = ORIENTED_EDGE ( 'NONE', *, *, #3349, .T. ) ;
#2905 = DIRECTION ( 'NONE',  ( -0.000000000000000000, -1.000000000000000000, -0.000000000000000000 ) ) ;
#2906 = CALENDAR_DATE ( 2025, 22, 11 ) ;
#2907 = ORIENTED_EDGE ( 'NONE', *, *, #1869, .T. ) ;
#2908 = CARTESIAN_POINT ( 'NONE',  ( 7.058823529411764497, 10.00000000000000000, -13.23529411764705976 ) ) ;
#2909 = ADVANCED_BREP_SHAPE_REPRESENTATION ( '\X2\8fde63a54ef66539\X0\', ( #1337, #1173 ), #2045 ) ;
#2910 = DIRECTION ( 'NONE',  ( 0.000000000000000000, 1.000000000000000000, -0.000000000000000000 ) ) ;
#2911 = VERTEX_POINT ( 'NONE', #1667 ) ;
#2912 = AXIS2_PLACEMENT_3D ( 'NONE', #1302, #1518, #1034 ) ;
#2913 = FACE_OUTER_BOUND ( 'NONE', #2823, .T. ) ;
#2914 = CARTESIAN_POINT ( 'NONE',  ( 3.351490940157841880, 10.00000000000000000, 15.64504741053985448 ) ) ;
#2915 = VECTOR ( 'NONE', #1514, 1000.000000000000000 ) ;
#2916 = DIRECTION ( 'NONE',  ( 0.000000000000000000, 0.000000000000000000, 1.000000000000000000 ) ) ;
#2917 = AXIS2_PLACEMENT_3D ( 'NONE', #3291, #491, #970 ) ;
#2918 = ORIENTED_EDGE ( 'NONE', *, *, #2073, .F. ) ;
#2919 = EDGE_CURVE ( 'NONE', #755, #26, #2362, .T. ) ;
#2920 = CARTESIAN_POINT ( 'NONE',  ( -9.764436427669552998, 6.500000000000000888, -5.637500000000001954 ) ) ;
#2921 = DIRECTION ( 'NONE',  ( -0.000000000000000000, 1.000000000000000000, -0.000000000000000000 ) ) ;
#2922 = CIRCLE ( 'NONE', #1908, 16.00000000000000000 ) ;
#2923 = COORDINATED_UNIVERSAL_TIME_OFFSET ( 8, 0, .AHEAD. ) ;
#2924 = VERTEX_POINT ( 'NONE', #1637 ) ;
#2925 = CARTESIAN_POINT ( 'NONE',  ( -20.00000000000000000, 24.00000000000000000, 3.050000000000354206 ) ) ;
#2926 = DIRECTION ( 'NONE',  ( 0.000000000000000000, 0.000000000000000000, -1.000000000000000000 ) ) ;
#2927 = VERTEX_POINT ( 'NONE', #624 ) ;
#2928 = LINE ( 'NONE', #1675, #8 ) ;
#2929 = DIRECTION ( 'NONE',  ( 0.000000000000000000, 0.000000000000000000, 1.000000000000000000 ) ) ;
#2930 = DIRECTION ( 'NONE',  ( -1.000000000000000000, 0.000000000000000000, -5.513081096283155864E-16 ) ) ;
#2931 = ORIENTED_EDGE ( 'NONE', *, *, #1197, .F. ) ;
#2932 = ORIENTED_EDGE ( 'NONE', *, *, #13, .T. ) ;
#2933 = DIRECTION ( 'NONE',  ( 0.000000000000000000, 0.000000000000000000, -1.000000000000000000 ) ) ;
#2934 = CARTESIAN_POINT ( 'NONE',  ( 9.838541447552909602, 10.00000000000000000, 11.32268087445652327 ) ) ;
#2935 = VECTOR ( 'NONE', #1178, 1000.000000000000000 ) ;
#2936 = EDGE_CURVE ( 'NONE', #2595, #2, #2448, .T. ) ;
#2937 = AXIS2_PLACEMENT_3D ( 'NONE', #816, #1049, #2084 ) ;
#2938 = VERTEX_POINT ( 'NONE', #2934 ) ;
#2939 = CARTESIAN_POINT ( 'NONE',  ( 9.838541447552909602, 10.00000000000000000, 11.32268087445652327 ) ) ;
#2940 = ORIENTED_EDGE ( 'NONE', *, *, #1869, .F. ) ;
#2941 = ORIENTED_EDGE ( 'NONE', *, *, #3235, .F. ) ;
#2942 = CARTESIAN_POINT ( 'NONE',  ( -20.00000000000000000, 6.000000000000000000, -5.049999999999863931 ) ) ;
#2943 = FACE_BOUND ( 'NONE', #3133, .T. ) ;
#2944 = VERTEX_POINT ( 'NONE', #2383 ) ;
#2945 = DIRECTION ( 'NONE',  ( 0.000000000000000000, 0.000000000000000000, 1.000000000000000000 ) ) ;
#2946 = VECTOR ( 'NONE', #1678, 1000.000000000000000 ) ;
#2947 = LINE ( 'NONE', #670, #2524 ) ;
#2948 = CARTESIAN_POINT ( 'NONE',  ( 11.99462494786097722, 14.16127890425126346, -9.725000000000008527 ) ) ;
#2949 = EDGE_LOOP ( 'NONE', ( #414, #3152, #1978, #951 ) ) ;
#2950 = UNCERTAINTY_MEASURE_WITH_UNIT (LENGTH_MEASURE( 1.000000000000000082E-05 ), #817, 'distance_accuracy_value', 'NONE');
#2951 = DIRECTION ( 'NONE',  ( 0.000000000000000000, 1.000000000000000000, -0.000000000000000000 ) ) ;
#2952 = CARTESIAN_POINT ( 'NONE',  ( 0.000000000000000000, 6.000000000000000000, 0.000000000000000000 ) ) ;
#2953 = MECHANICAL_CONTEXT ( 'NONE', #2440, 'mechanical' ) ;
#2954 = CIRCLE ( 'NONE', #2903, 1.550000000000000933 ) ;
#2955 = ADVANCED_FACE ( 'NONE', ( #639 ), #2681, .F. ) ;
#2956 = ORIENTED_EDGE ( 'NONE', *, *, #2008, .F. ) ;
#2957 = DIRECTION ( 'NONE',  ( -0.000000000000000000, -1.000000000000000000, 0.000000000000000000 ) ) ;
#2958 = EDGE_CURVE ( 'NONE', #759, #1030, #3179, .T. ) ;
#2959 = VECTOR ( 'NONE', #831, 1000.000000000000000 ) ;
#2960 = EDGE_LOOP ( 'NONE', ( #299, #1259 ) ) ;
#2961 = ORIENTED_EDGE ( 'NONE', *, *, #3190, .F. ) ;
#2962 = EDGE_CURVE ( 'NONE', #2196, #1752, #2998, .T. ) ;
#2963 = DIRECTION ( 'NONE',  ( 1.000000000000000000, 0.000000000000000000, -2.756540548141576453E-16 ) ) ;
#2964 = CARTESIAN_POINT ( 'NONE',  ( 1.573279483541738744, 6.500000000000000888, 11.27500000000000568 ) ) ;
#2965 = ORIENTED_EDGE ( 'NONE', *, *, #290, .T. ) ;
#2966 = EDGE_CURVE ( 'NONE', #117, #2231, #1364, .T. ) ;
#2967 = CARTESIAN_POINT ( 'NONE',  ( -20.00000000000000000, 6.000000000000000000, 1.127570259384951496E-13 ) ) ;
#2968 = CARTESIAN_POINT ( 'NONE',  ( 1.573279483541742518, 6.500000000000000888, 16.72500000000000497 ) ) ;
#2969 = ORIENTED_EDGE ( 'NONE', *, *, #284, .T. ) ;
#2970 = AXIS2_PLACEMENT_3D ( 'NONE', #2320, #2587, #1835 ) ;
#2971 = DIRECTION ( 'NONE',  ( 0.000000000000000000, 0.000000000000000000, -1.000000000000000000 ) ) ;
#2972 = VERTEX_POINT ( 'NONE', #2893 ) ;
#2973 = FACE_OUTER_BOUND ( 'NONE', #3031, .T. ) ;
#2974 = VECTOR ( 'NONE', #855, 1000.000000000000114 ) ;
#2975 = DIRECTION ( 'NONE',  ( 0.000000000000000000, -1.000000000000000000, 0.000000000000000000 ) ) ;
#2976 = ORIENTED_EDGE ( 'NONE', *, *, #2824, .T. ) ;
#2977 = FACE_OUTER_BOUND ( 'NONE', #1677, .T. ) ;
#2978 = EDGE_LOOP ( 'NONE', ( #1742, #3080, #2197, #891 ) ) ;
#2979 = ORIENTED_EDGE ( 'NONE', *, *, #469, .T. ) ;
#2980 = EDGE_CURVE ( 'NONE', #1962, #972, #2414, .T. ) ;
#2981 = FACE_OUTER_BOUND ( 'NONE', #736, .T. ) ;
#2982 = DIRECTION ( 'NONE',  ( 0.000000000000000000, 0.000000000000000000, -1.000000000000000000 ) ) ;
#2983 = ORIENTED_EDGE ( 'NONE', *, *, #368, .T. ) ;
#2984 = DIRECTION ( 'NONE',  ( 0.000000000000000000, 0.000000000000000000, -1.000000000000000000 ) ) ;
#2985 = ADVANCED_FACE ( 'NONE', ( #1618 ), #2427, .F. ) ;
#2986 = EDGE_CURVE ( 'NONE', #2295, #1413, #2162, .T. ) ;
#2987 = DIRECTION ( 'NONE',  ( 0.000000000000000000, 0.000000000000000000, 1.000000000000000000 ) ) ;
#2988 = EDGE_CURVE ( 'NONE', #1159, #186, #1888, .T. ) ;
#2989 = CARTESIAN_POINT ( 'NONE',  ( -10.00000000000008527, 0.000000000000000000, -17.32050807568872841 ) ) ;
#2990 = VERTEX_POINT ( 'NONE', #878 ) ;
#2991 = DIRECTION ( 'NONE',  ( -0.5000000000000001110, 0.000000000000000000, -0.8660254037844385966 ) ) ;
#2992 = DIRECTION ( 'NONE',  ( 0.4999999999999998890, 0.000000000000000000, -0.8660254037844387076 ) ) ;
#2993 = ORIENTED_EDGE ( 'NONE', *, *, #240, .F. ) ;
#2995 = AXIS2_PLACEMENT_3D ( 'NONE', #1099, #2180, #3182 ) ;
#2994 = DIRECTION ( 'NONE',  ( 0.000000000000000000, 1.000000000000000000, -0.000000000000000000 ) ) ;
#2996 = ORIENTED_EDGE ( 'NONE', *, *, #2824, .F. ) ;
#2997 = ORIENTED_EDGE ( 'NONE', *, *, #854, .F. ) ;
#2998 = CIRCLE ( 'NONE', #2725, 15.00000000000000000 ) ;
#2999 = DIRECTION ( 'NONE',  ( 0.000000000000000000, 0.000000000000000000, 1.000000000000000000 ) ) ;
#3000 = CARTESIAN_POINT ( 'NONE',  ( 5.999999999999998224, 24.00000000000000000, -2.602085213965210642E-15 ) ) ;
#3001 = VERTEX_POINT ( 'NONE', #604 ) ;
#3002 = DIRECTION ( 'NONE',  ( 0.000000000000000000, 0.000000000000000000, 1.000000000000000000 ) ) ;
#3003 = AXIS2_PLACEMENT_3D ( 'NONE', #788, #1003, #2796 ) ;
#3004 = LINE ( 'NONE', #2968, #965 ) ;
#3005 = AXIS2_PLACEMENT_3D ( 'NONE', #653, #2764, #2526 ) ;
#3006 = CARTESIAN_POINT ( 'NONE',  ( 0.000000000000000000, 0.000000000000000000, -30.00000000000000000 ) ) ;
#3007 = EDGE_CURVE ( 'NONE', #913, #2783, #307, .T. ) ;
#3008 = VERTEX_POINT ( 'NONE', #101 ) ;
#3009 = EDGE_CURVE ( 'NONE', #1152, #644, #1717, .T. ) ;
#3010 = AXIS2_PLACEMENT_3D ( 'NONE', #2508, #1952, #2248 ) ;
#3011 = DIRECTION ( 'NONE',  ( 0.000000000000000000, 0.000000000000000000, 1.000000000000000000 ) ) ;
#3012 = DIRECTION ( 'NONE',  ( -0.000000000000000000, -1.000000000000000000, -0.000000000000000000 ) ) ;
#3013 = ORIENTED_EDGE ( 'NONE', *, *, #2516, .F. ) ;
#3014 = DIRECTION ( 'NONE',  ( 0.000000000000000000, 0.000000000000000000, -1.000000000000000000 ) ) ;
#3015 = ORIENTED_EDGE ( 'NONE', *, *, #2375, .F. ) ;
#3016 = CIRCLE ( 'NONE', #763, 5.999999999999998224 ) ;
#3017 = DIRECTION ( 'NONE',  ( 0.8660254037844387076, 0.000000000000000000, -0.4999999999999998890 ) ) ;
#3018 = CARTESIAN_POINT ( 'NONE',  ( -1.178421084330526417E-15, 10.00000000000000000, -4.275000000000010125 ) ) ;
#3019 = ORIENTED_EDGE ( 'NONE', *, *, #3318, .F. ) ;
#3020 = DIRECTION ( 'NONE',  ( -0.000000000000000000, 1.000000000000000000, -0.000000000000000000 ) ) ;
#3021 = DIRECTION ( 'NONE',  ( -0.000000000000000000, 1.000000000000000000, -0.000000000000000000 ) ) ;
#3022 = ORIENTED_EDGE ( 'NONE', *, *, #29, .T. ) ;
#3023 = CARTESIAN_POINT ( 'NONE',  ( 12.41251969149565326, 14.02008613451836005, -9.725000000000010303 ) ) ;
#3024 = EDGE_LOOP ( 'NONE', ( #861, #866, #436, #827 ) ) ;
#3025 = ADVANCED_FACE ( 'NONE', ( #1954 ), #2491, .T. ) ;
#3026 = AXIS2_PLACEMENT_3D ( 'NONE', #2488, #1475, #2982 ) ;
#3027 = FACE_OUTER_BOUND ( 'NONE', #649, .T. ) ;
#3028 = CIRCLE ( 'NONE', #559, 3.050000000000000711 ) ;
#3029 = EDGE_CURVE ( 'NONE', #2125, #2214, #1204, .T. ) ;
#3030 = VECTOR ( 'NONE', #1067, 1000.000000000000114 ) ;
#3031 = EDGE_LOOP ( 'NONE', ( #1995, #1816, #2342, #2087 ) ) ;
#3032 = DIRECTION ( 'NONE',  ( 0.000000000000000000, -1.000000000000000000, 0.000000000000000000 ) ) ;
#3033 = ORIENTED_EDGE ( 'NONE', *, *, #1422, .F. ) ;
#3034 = CARTESIAN_POINT ( 'NONE',  ( 9.999999999999914735, 6.000000000000000000, -17.32050807568882078 ) ) ;
#3035 = DIRECTION ( 'NONE',  ( -0.000000000000000000, 1.000000000000000000, -0.000000000000000000 ) ) ;
#3036 = EDGE_LOOP ( 'NONE', ( #2573, #1143, #2282, #2171 ) ) ;
#3037 = DIRECTION ( 'NONE',  ( 0.000000000000000000, 0.000000000000000000, 1.000000000000000000 ) ) ;
#3038 = DIRECTION ( 'NONE',  ( 0.000000000000000000, 0.000000000000000000, 1.000000000000000000 ) ) ;
#3039 = ORIENTED_EDGE ( 'NONE', *, *, #2333, .T. ) ;
#3040 = DIRECTION ( 'NONE',  ( 0.000000000000000000, 0.000000000000000000, 1.000000000000000000 ) ) ;
#3041 = ORIENTED_EDGE ( 'NONE', *, *, #173, .F. ) ;
#3042 = DIRECTION ( 'NONE',  ( -0.000000000000000000, -1.000000000000000000, -0.000000000000000000 ) ) ;
#3043 = CARTESIAN_POINT ( 'NONE',  ( -6.000000000000000000, 10.00000000000000000, 0.000000000000000000 ) ) ;
#3044 = DATE_AND_TIME ( #412, #144 ) ;
#3045 = ORIENTED_EDGE ( 'NONE', *, *, #1735, .T. ) ;
#3046 = LINE ( 'NONE', #711, #2522 ) ;
#3047 = ORIENTED_EDGE ( 'NONE', *, *, #2817, .F. ) ;
#3048 = EDGE_CURVE ( 'NONE', #272, #1247, #2667, .T. ) ;
#3049 = EDGE_CURVE ( 'NONE', #1586, #1195, #3004, .T. ) ;
#3050 = CARTESIAN_POINT ( 'NONE',  ( -3.702258601178483488, 6.500000000000000888, 2.137500000000004174 ) ) ;
#3051 = CARTESIAN_POINT ( 'NONE',  ( -10.00000000000008527, 24.00000000000000000, -17.32050807568872841 ) ) ;
#3052 = ORIENTED_EDGE ( 'NONE', *, *, #1759, .T. ) ;
#3053 = CARTESIAN_POINT ( 'NONE',  ( 2.485465536373397288, 14.24209225271732038, 15.14504741053986869 ) ) ;
#3054 = TOROIDAL_SURFACE ( 'NONE', #1272, 16.00000000000000000, 1.000000000000000000 ) ;
#3055 = LINE ( 'NONE', #2340, #2202 ) ;
#3056 = AXIS2_PLACEMENT_3D ( 'NONE', #1580, #3109, #1286 ) ;
#3057 = ORIENTED_EDGE ( 'NONE', *, *, #961, .F. ) ;
#3058 = CARTESIAN_POINT ( 'NONE',  ( 14.48689023720347713, 14.10094664153910315, -5.642029934509977807 ) ) ;
#3059 = CARTESIAN_POINT ( 'NONE',  ( -20.00000000000000000, 6.000000000000000000, -5.049999999999863931 ) ) ;
#3060 = LOCAL_TIME ( 2, 52, 9.000000000000000000, #446 ) ;
#3061 = DIRECTION ( 'NONE',  ( 0.000000000000000000, 0.000000000000000000, -1.000000000000000000 ) ) ;
#3062 = ORIENTED_EDGE ( 'NONE', *, *, #1038, .T. ) ;
#3063 = VECTOR ( 'NONE', #1421, 1000.000000000000000 ) ;
#3064 = FACE_OUTER_BOUND ( 'NONE', #1539, .T. ) ;
#3065 = ORIENTED_EDGE ( 'NONE', *, *, #406, .F. ) ;
#3066 = EDGE_CURVE ( 'NONE', #2240, #1750, #686, .T. ) ;
#3067 = PLANE ( 'NONE',  #391 ) ;
#3068 = EDGE_CURVE ( 'NONE', #1692, #157, #651, .T. ) ;
#3069 = CARTESIAN_POINT ( 'NONE',  ( -10.00000000000008527, 24.00000000000000000, -17.32050807568872841 ) ) ;
#3070 = ORIENTED_EDGE ( 'NONE', *, *, #3302, .F. ) ;
#3071 = DIRECTION ( 'NONE',  ( -0.000000000000000000, 1.000000000000000000, -0.000000000000000000 ) ) ;
#3072 = DIRECTION ( 'NONE',  ( -0.000000000000000000, 1.000000000000000000, -0.000000000000000000 ) ) ;
#3073 = VECTOR ( 'NONE', #2611, 1000.000000000000000 ) ;
#3074 = ADVANCED_FACE ( 'NONE', ( #2251 ), #3248, .F. ) ;
#3075 = VERTEX_POINT ( 'NONE', #3280 ) ;
#3076 = DIRECTION ( 'NONE',  ( -0.000000000000000000, 1.000000000000000000, -0.000000000000000000 ) ) ;
#3077 = LINE ( 'NONE', #1042, #3073 ) ;
#3078 = CIRCLE ( 'NONE', #1624, 15.00000000000000000 ) ;
#3079 = CARTESIAN_POINT ( 'NONE',  ( 2.999999999999999112, 0.000000000000000000, -5.196152422706632912 ) ) ;
#3080 = ORIENTED_EDGE ( 'NONE', *, *, #2113, .T. ) ;
#3081 = AXIS2_PLACEMENT_3D ( 'NONE', #1162, #1676, #1969 ) ;
#3082 = CARTESIAN_POINT ( 'NONE',  ( 1.573279483541742518, 6.500000000000000888, 16.72500000000000497 ) ) ;
#3083 = DIRECTION ( 'NONE',  ( 0.000000000000000000, 1.000000000000000000, -0.000000000000000000 ) ) ;
#3084 = VECTOR ( 'NONE', #738, 1000.000000000000000 ) ;
#3085 = ORIENTED_EDGE ( 'NONE', *, *, #1304, .F. ) ;
#3086 = CARTESIAN_POINT ( 'NONE',  ( -20.00000000000000000, 24.00000000000000000, 3.050000000000354206 ) ) ;
#3087 = AXIS2_PLACEMENT_3D ( 'NONE', #1230, #2551, #1199 ) ;
#3088 = CARTESIAN_POINT ( 'NONE',  ( 20.00000000000000355, 6.000000000000000000, -2.810252031082427493E-13 ) ) ;
#3089 = CARTESIAN_POINT ( 'NONE',  ( -7.058823529411764497, 10.00000000000000000, -13.23529411764705799 ) ) ;
#3090 = ORIENTED_EDGE ( 'NONE', *, *, #382, .F. ) ;
#3091 = CIRCLE ( 'NONE', #3253, 1.550000000000000933 ) ;
#3092 = CARTESIAN_POINT ( 'NONE',  ( -3.146558967083446845, 10.00000000000000000, 14.00000000000001243 ) ) ;
#3093 = EDGE_CURVE ( 'NONE', #1390, #1508, #1715, .T. ) ;
#3094 = ORIENTED_EDGE ( 'NONE', *, *, #3235, .T. ) ;
#3095 = CARTESIAN_POINT ( 'NONE',  ( 14.70073656024428743, 13.99999999999999822, -6.012422631028447206 ) ) ;
#3096 = CARTESIAN_POINT ( 'NONE',  ( 12.12435565298214435, 0.000000000000000000, -6.999999999999997335 ) ) ;
#3097 = EDGE_CURVE ( 'NONE', #2105, #140, #3215, .T. ) ;
#3098 = DIRECTION ( 'NONE',  ( 0.000000000000000000, 0.000000000000000000, -1.000000000000000000 ) ) ;
#3099 = EDGE_CURVE ( 'NONE', #1213, #201, #3115, .T. ) ;
#3100 = FACE_OUTER_BOUND ( 'NONE', #1054, .T. ) ;
#3101 = VERTEX_POINT ( 'NONE', #149 ) ;
#3102 = CARTESIAN_POINT ( 'NONE',  ( -10.00000000000008527, 6.000000000000000000, -17.32050807568872841 ) ) ;
#3103 = CARTESIAN_POINT ( 'NONE',  ( 8.000000000000000000, 10.00000000000000000, -26.83281572999747056 ) ) ;
#3104 = CARTESIAN_POINT ( 'NONE',  ( 5.999999999999998224, 0.000000000000000000, -2.602085213965210642E-15 ) ) ;
#3105 = CARTESIAN_POINT ( 'NONE',  ( -3.142022756397953920, 15.00000000000000000, 14.66723194738112035 ) ) ;
#3106 = DIRECTION ( 'NONE',  ( 0.4999999999999997780, 0.000000000000000000, 0.8660254037844387076 ) ) ;
#3107 = ORIENTED_EDGE ( 'NONE', *, *, #2400, .T. ) ;
#3108 = CARTESIAN_POINT ( 'NONE',  ( 8.977796685898681517, 6.500000000000000888, -7.000000000000007994 ) ) ;
#3109 = DIRECTION ( 'NONE',  ( -0.000000000000000000, -1.000000000000000000, -0.000000000000000000 ) ) ;
#3110 = EDGE_LOOP ( 'NONE', ( #208, #2235, #1208, #1578 ) ) ;
#3111 = DIRECTION ( 'NONE',  ( 0.000000000000000000, 0.000000000000000000, -1.000000000000000000 ) ) ;
#3112 = CIRCLE ( 'NONE', #2834, 6.000000000000000888 ) ;
#3113 = CARTESIAN_POINT ( 'NONE',  ( 5.361471366135377997E-15, 6.500000000000000888, -9.725000000000015632 ) ) ;
#3114 = ADVANCED_FACE ( 'NONE', ( #1478, #2204 ), #389, .T. ) ;
#3115 = CIRCLE ( 'NONE', #1770, 5.999999999999998224 ) ;
#3116 = EDGE_CURVE ( 'NONE', #2460, #3258, #2947, .T. ) ;
#3117 = EDGE_CURVE ( 'NONE', #642, #1856, #718, .T. ) ;
#3118 = EDGE_LOOP ( 'NONE', ( #454, #2747 ) ) ;
#3119 = CARTESIAN_POINT ( 'NONE',  ( 9.999999999999964473, 6.000000000000000000, 20.37050807568879307 ) ) ;
#3120 = CARTESIAN_POINT ( 'NONE',  ( -4.886458552446970138, 10.00000000000000000, 14.18176726699524615 ) ) ;
#3121 = FACE_OUTER_BOUND ( 'NONE', #3323, .T. ) ;
#3122 = CARTESIAN_POINT ( 'NONE',  ( 20.00000000000000355, 6.000000000000000000, -2.810252031082427493E-13 ) ) ;
#3123 = LINE ( 'NONE', #2827, #880 ) ;
#3124 = ORIENTED_EDGE ( 'NONE', *, *, #640, .F. ) ;
#3125 = CARTESIAN_POINT ( 'NONE',  ( -13.69763513652387488, 6.500000000000000888, -9.724999999999997868 ) ) ;
#3126 = DIRECTION ( 'NONE',  ( -0.000000000000000000, 1.000000000000000000, -0.000000000000000000 ) ) ;
#3127 = CARTESIAN_POINT ( 'NONE',  ( 11.57565143700666432, 14.46897593259772563, -9.760461875220448391 ) ) ;
#3128 = TOROIDAL_SURFACE ( 'NONE', #3352, 16.00000000000000000, 1.000000000000000000 ) ;
#3129 = PRODUCT_DEFINITION ( 'æœ', '', #1553, #1209 ) ;
#3130 = VECTOR ( 'NONE', #54, 1000.000000000000000 ) ;
#3131 = EDGE_LOOP ( 'NONE', ( #227, #3176, #147, #3241 ) ) ;
#3132 = DIRECTION ( 'NONE',  ( 0.000000000000000000, -0.000000000000000000, -1.000000000000000000 ) ) ;
#3133 = EDGE_LOOP ( 'NONE', ( #2230, #1946 ) ) ;
#3134 = DIRECTION ( 'NONE',  ( 0.000000000000000000, 0.000000000000000000, -1.000000000000000000 ) ) ;
#3135 = EDGE_CURVE ( 'NONE', #1398, #1152, #2457, .T. ) ;
#3136 = CYLINDRICAL_SURFACE ( 'NONE', #1639, 5.049999999999998046 ) ;
#3137 = CARTESIAN_POINT ( 'NONE',  ( -2.143457543363033402, 14.00000000000000178, 15.73742263102844596 ) ) ;
#3138 = VERTEX_POINT ( 'NONE', #942 ) ;
#3139 = AXIS2_PLACEMENT_3D ( 'NONE', #1430, #2767, #1588 ) ;
#3140 = CIRCLE ( 'NONE', #2126, 16.00000000000000000 ) ;
#3141 = DIRECTION ( 'NONE',  ( -0.4999999999999998890, 0.000000000000000000, 0.8660254037844387076 ) ) ;
#3142 = ORIENTED_EDGE ( 'NONE', *, *, #3194, .T. ) ;
#3143 = FACE_OUTER_BOUND ( 'NONE', #1662, .T. ) ;
#3144 = VERTEX_POINT ( 'NONE', #131 ) ;
#3145 = VECTOR ( 'NONE', #478, 1000.000000000000114 ) ;
#3146 = ORIENTED_EDGE ( 'NONE', *, *, #2130, .T. ) ;
#3147 = DIRECTION ( 'NONE',  ( 0.000000000000000000, 1.000000000000000000, -0.000000000000000000 ) ) ;
#3148 = PERSON_AND_ORGANIZATION ( #3285, #2102 ) ;
#3149 = CYLINDRICAL_SURFACE ( 'NONE', #3213, 1.549999999999999378 ) ;
#3150 = ADVANCED_FACE ( 'NONE', ( #1460 ), #3227, .T. ) ;
#3151 = DIRECTION ( 'NONE',  ( 0.000000000000000000, 0.000000000000000000, -1.000000000000000000 ) ) ;
#3152 = ORIENTED_EDGE ( 'NONE', *, *, #2885, .F. ) ;
#3153 = EDGE_CURVE ( 'NONE', #2633, #976, #1185, .T. ) ;
#3154 = AXIS2_PLACEMENT_3D ( 'NONE', #75, #2421, #595 ) ;
#3155 = PLANE ( 'NONE',  #1202 ) ;
#3156 = DIRECTION ( 'NONE',  ( 0.000000000000000000, 1.000000000000000000, -0.000000000000000000 ) ) ;
#3157 = CARTESIAN_POINT ( 'NONE',  ( 3.673940397442059178E-15, 24.00000000000000000, 30.00000000000000000 ) ) ;
#3158 = VECTOR ( 'NONE', #2614, 1000.000000000000114 ) ;
#3159 = ORIENTED_EDGE ( 'NONE', *, *, #2459, .F. ) ;
#3160 = DIRECTION ( 'NONE',  ( -0.000000000000000000, 1.000000000000000000, -0.000000000000000000 ) ) ;
#3161 = LOCAL_TIME ( 2, 52, 9.000000000000000000, #1903 ) ;
#3162 = ORIENTED_EDGE ( 'NONE', *, *, #1341, .T. ) ;
#3163 = CARTESIAN_POINT ( 'NONE',  ( 0.000000000000000000, 10.00000000000000000, 0.000000000000000000 ) ) ;
#3164 = CIRCLE ( 'NONE', #196, 2.000000000000000000 ) ;
#3165 = CIRCLE ( 'NONE', #2583, 5.049999999999998934 ) ;
#3166 = EDGE_LOOP ( 'NONE', ( #2511, #1468, #1997, #1746 ) ) ;
#3167 = DIRECTION ( 'NONE',  ( 0.000000000000000000, 0.000000000000000000, -1.000000000000000000 ) ) ;
#3168 = DIRECTION ( 'NONE',  ( -0.4999999999999998890, 0.000000000000000000, 0.8660254037844387076 ) ) ;
#3169 = ORIENTED_EDGE ( 'NONE', *, *, #792, .T. ) ;
#3170 = AXIS2_PLACEMENT_3D ( 'NONE', #702, #3020, #1203 ) ;
#3171 = ADVANCED_FACE ( 'NONE', ( #2222 ), #1972, .F. ) ;
#3172 = FACE_OUTER_BOUND ( 'NONE', #2432, .T. ) ;
#3173 = DIRECTION ( 'NONE',  ( 0.000000000000000000, 0.000000000000000000, -1.000000000000000000 ) ) ;
#3174 = DIRECTION ( 'NONE',  ( 0.000000000000000000, -1.000000000000000000, 0.000000000000000000 ) ) ;
#3175 = EDGE_CURVE ( 'NONE', #525, #1803, #2779, .T. ) ;
#3176 = ORIENTED_EDGE ( 'NONE', *, *, #181, .T. ) ;
#3177 = AXIS2_PLACEMENT_3D ( 'NONE', #3254, #3212, #2479 ) ;
#3178 = DIRECTION ( 'NONE',  ( -0.000000000000000000, -1.000000000000000000, -0.000000000000000000 ) ) ;
#3179 = LINE ( 'NONE', #865, #2780 ) ;
#3180 = APPLICATION_PROTOCOL_DEFINITION ( 'international standard', 'config_control_design', 1994, #2613 ) ;
#3181 = ORIENTED_EDGE ( 'NONE', *, *, #2461, .T. ) ;
#3182 = DIRECTION ( 'NONE',  ( 0.000000000000000000, 0.000000000000000000, -1.000000000000000000 ) ) ;
#3183 = CARTESIAN_POINT ( 'NONE',  ( -2.485465536373371531, 14.24209225271731860, 15.14504741053987402 ) ) ;
#3184 = ORIENTED_EDGE ( 'NONE', *, *, #1214, .T. ) ;
#3185 = CIRCLE ( 'NONE', #2970, 15.00000000000000000 ) ;
#3186 = DIRECTION ( 'NONE',  ( -0.000000000000000000, -1.000000000000000000, -0.000000000000000000 ) ) ;
#3187 = DIRECTION ( 'NONE',  ( -0.000000000000000000, -1.000000000000000000, -0.000000000000000000 ) ) ;
#3188 = CIRCLE ( 'NONE', #2339, 30.00000000000000000 ) ;
#3189 = CARTESIAN_POINT ( 'NONE',  ( 9.999999999999914735, 24.00000000000000000, -17.32050807568882078 ) ) ;
#3190 = EDGE_CURVE ( 'NONE', #2765, #3001, #3055, .T. ) ;
#3191 = VECTOR ( 'NONE', #1967, 1000.000000000000000 ) ;
#3192 = ADVANCED_FACE ( 'NONE', ( #2089 ), #2072, .F. ) ;
#3193 = ORIENTED_EDGE ( 'NONE', *, *, #1234, .T. ) ;
#3194 = EDGE_CURVE ( 'NONE', #3008, #811, #747, .T. ) ;
#3195 = CARTESIAN_POINT ( 'NONE',  ( 9.999999999999914735, 6.000000000000000000, -17.32050807568882078 ) ) ;
#3196 = CARTESIAN_POINT ( 'NONE',  ( -12.55727901688124781, 14.00000000000000178, -9.724999999999997868 ) ) ;
#3197 = VECTOR ( 'NONE', #3076, 1000.000000000000000 ) ;
#3198 = EDGE_LOOP ( 'NONE', ( #3193, #921 ) ) ;
#3199 = CARTESIAN_POINT ( 'NONE',  ( 5.999999999999998224, 9.000000000000000000, -2.602085213965210642E-15 ) ) ;
#3200 = EDGE_LOOP ( 'NONE', ( #2158, #3022, #2393, #2799 ) ) ;
#3201 = ORIENTED_EDGE ( 'NONE', *, *, #1014, .F. ) ;
#3202 = LINE ( 'NONE', #647, #2974 ) ;
#3203 = DIRECTION ( 'NONE',  ( 0.000000000000000000, 1.000000000000000000, -0.000000000000000000 ) ) ;
#3204 = ORIENTED_EDGE ( 'NONE', *, *, #2359, .F. ) ;
#3205 = CARTESIAN_POINT ( 'NONE',  ( 8.422097051803659085, 6.500000000000000888, 4.862499999999998046 ) ) ;
#3206 = VERTEX_POINT ( 'NONE', #2539 ) ;
#3207 = CARTESIAN_POINT ( 'NONE',  ( -9.999999999999838352, 6.000000000000000000, 17.32050807568887407 ) ) ;
#3208 = EDGE_LOOP ( 'NONE', ( #3272, #217, #1904, #1522 ) ) ;
#3209 = EDGE_CURVE ( 'NONE', #117, #2990, #1169, .T. ) ;
#3210 = EDGE_CURVE ( 'NONE', #1784, #1313, #139, .T. ) ;
#3211 = DIRECTION ( 'NONE',  ( 0.000000000000000000, 1.000000000000000000, -0.000000000000000000 ) ) ;
#3212 = DIRECTION ( 'NONE',  ( -0.000000000000000000, -1.000000000000000000, -0.000000000000000000 ) ) ;
#3213 = AXIS2_PLACEMENT_3D ( 'NONE', #1641, #57, #2657 ) ;
#3214 = CIRCLE ( 'NONE', #1443, 1.000000000000000888 ) ;
#3215 = CIRCLE ( 'NONE', #1829, 15.00000000000000000 ) ;
#3216 = ADVANCED_FACE ( 'NONE', ( #2556 ), #1037, .T. ) ;
#3217 = ORIENTED_EDGE ( 'NONE', *, *, #1447, .F. ) ;
#3218 = DIRECTION ( 'NONE',  ( -0.000000000000000000, 1.000000000000000000, -0.000000000000000000 ) ) ;
#3219 = ORIENTED_EDGE ( 'NONE', *, *, #181, .F. ) ;
#3220 = EDGE_LOOP ( 'NONE', ( #667, #1764, #1117, #1425, #2063 ) ) ;
#3221 = APPROVAL_PERSON_ORGANIZATION ( #1977, #1192, #739 ) ;
#3222 = CIRCLE ( 'NONE', #2205, 1.549999999999999378 ) ;
#3223 = DIRECTION ( 'NONE',  ( 0.000000000000000000, 0.000000000000000000, -1.000000000000000000 ) ) ;
#3224 = FACE_BOUND ( 'NONE', #626, .T. ) ;
#3225 = ORIENTED_EDGE ( 'NONE', *, *, #849, .T. ) ;
#3226 = DIRECTION ( 'NONE',  ( 0.000000000000000000, 1.000000000000000000, -0.000000000000000000 ) ) ;
#3227 = CYLINDRICAL_SURFACE ( 'NONE', #80, 1.999999999999998224 ) ;
#3228 = VECTOR ( 'NONE', #1021, 1000.000000000000000 ) ;
#3229 = ORIENTED_EDGE ( 'NONE', *, *, #1783, .F. ) ;
#3230 = CARTESIAN_POINT ( 'NONE',  ( -12.12435565298214613, 0.000000000000000000, -5.449999999999998401 ) ) ;
#3231 = ORIENTED_EDGE ( 'NONE', *, *, #2734, .F. ) ;
#3232 = CC_DESIGN_PERSON_AND_ORGANIZATION_ASSIGNMENT ( #3148, #1365, ( #909 ) ) ;
#3233 = CARTESIAN_POINT ( 'NONE',  ( -8.422097051803675072, 14.00000000000000000, 4.862500000000003375 ) ) ;
#3234 = DIRECTION ( 'NONE',  ( 0.000000000000000000, 1.000000000000000000, 0.000000000000000000 ) ) ;
#3235 = EDGE_CURVE ( 'NONE', #1762, #1250, #2473, .T. ) ;
#3236 = AXIS2_PLACEMENT_3D ( 'NONE', #1103, #632, #889 ) ;
#3237 = EDGE_CURVE ( 'NONE', #1390, #3317, #789, .T. ) ;
#3238 = ORIENTED_EDGE ( 'NONE', *, *, #467, .T. ) ;
#3239 = CARTESIAN_POINT ( 'NONE',  ( 9.999999999999964473, 24.00000000000000000, 20.37050807568879307 ) ) ;
#3240 = ORIENTED_EDGE ( 'NONE', *, *, #890, .T. ) ;
#3241 = ORIENTED_EDGE ( 'NONE', *, *, #1301, .T. ) ;
#3242 = EDGE_CURVE ( 'NONE', #1784, #1529, #3330, .T. ) ;
#3243 = CARTESIAN_POINT ( 'NONE',  ( 9.999999999999914735, 24.00000000000000000, -20.37050807568886768 ) ) ;
#3244 = FACE_BOUND ( 'NONE', #338, .T. ) ;
#3245 = VERTEX_POINT ( 'NONE', #1802 ) ;
#3246 = CARTESIAN_POINT ( 'NONE',  ( -3.702258601178476383, 6.500000000000000888, 2.137500000000004619 ) ) ;
#3247 = CIRCLE ( 'NONE', #1795, 1.549999999999999378 ) ;
#3248 = PLANE ( 'NONE',  #2721 ) ;
#3249 = CIRCLE ( 'NONE', #935, 3.050000000000241407 ) ;
#3250 = CARTESIAN_POINT ( 'NONE',  ( -10.00000000000007105, 24.00000000000000000, 14.27050807568873125 ) ) ;
#3251 = ORIENTED_EDGE ( 'NONE', *, *, #3302, .T. ) ;
#3252 = CIRCLE ( 'NONE', #1417, 1.550000000000000933 ) ;
#3253 = AXIS2_PLACEMENT_3D ( 'NONE', #1905, #2957, #896 ) ;
#3254 = CARTESIAN_POINT ( 'NONE',  ( 10.00000000000020606, 6.000000000000000000, 17.32050807568865736 ) ) ;
#3255 = CYLINDRICAL_SURFACE ( 'NONE', #1633, 3.050000000000000711 ) ;
#3256 = CARTESIAN_POINT ( 'NONE',  ( 20.00000000000000355, 0.000000000000000000, -2.810252031082427493E-13 ) ) ;
#3257 = VERTEX_POINT ( 'NONE', #28 ) ;
#3258 = VERTEX_POINT ( 'NONE', #301 ) ;
#3259 = EDGE_CURVE ( 'NONE', #1762, #901, #823, .T. ) ;
#3260 = LINE ( 'NONE', #2793, #562 ) ;
#3261 = EDGE_CURVE ( 'NONE', #1420, #2138, #2301, .T. ) ;
#3262 = CARTESIAN_POINT ( 'NONE',  ( -9.999999999999838352, 6.000000000000000000, 17.32050807568887407 ) ) ;
#3263 = ORIENTED_EDGE ( 'NONE', *, *, #2538, .F. ) ;
#3264 = LINE ( 'NONE', #2237, #1074 ) ;
#3265 = DIRECTION ( 'NONE',  ( 0.000000000000000000, 0.000000000000000000, -1.000000000000000000 ) ) ;
#3266 = CARTESIAN_POINT ( 'NONE',  ( -12.12435565298214613, 6.500000000000000888, -6.999999999999998224 ) ) ;
#3267 = ORIENTED_EDGE ( 'NONE', *, *, #1987, .T. ) ;
#3268 = CARTESIAN_POINT ( 'NONE',  ( -2.890213756356482033, 14.72840311919259548, 14.74719900657613536 ) ) ;
#3269 = ORIENTED_EDGE ( 'NONE', *, *, #3066, .F. ) ;
#3271 = DIRECTION ( 'NONE',  ( 0.000000000000000000, 0.000000000000000000, -1.000000000000000000 ) ) ;
#3270 = AXIS2_PLACEMENT_3D ( 'NONE', #3102, #2115, #21 ) ;
#3272 = ORIENTED_EDGE ( 'NONE', *, *, #3209, .T. ) ;
#3273 = AXIS2_PLACEMENT_3D ( 'NONE', #1164, #166, #184 ) ;
#3274 = FACE_OUTER_BOUND ( 'NONE', #728, .T. ) ;
#3275 = DIRECTION ( 'NONE',  ( 0.000000000000000000, -1.000000000000000000, 0.000000000000000000 ) ) ;
#3276 = ORIENTED_EDGE ( 'NONE', *, *, #2497, .T. ) ;
#3277 = CIRCLE ( 'NONE', #1720, 1.000000000000000000 ) ;
#3278 = DIRECTION ( 'NONE',  ( 0.000000000000000000, 0.000000000000000000, 1.000000000000000000 ) ) ;
#3279 = EDGE_CURVE ( 'NONE', #1293, #3317, #472, .T. ) ;
#3280 = CARTESIAN_POINT ( 'NONE',  ( -5.999999999999998224, 9.000000000000000000, 1.734723475976807094E-15 ) ) ;
#3281 = DIRECTION ( 'NONE',  ( -0.000000000000000000, 1.000000000000000000, -0.000000000000000000 ) ) ;
#3282 = ORIENTED_EDGE ( 'NONE', *, *, #1629, .F. ) ;
#3283 = EDGE_CURVE ( 'NONE', #1398, #1843, #3277, .T. ) ;
#3284 = CIRCLE ( 'NONE', #912, 15.00000000000000000 ) ;
#3285 = PERSON ( 'æœª', 'æœª', 'æœª', ('æœª'), ('æœª'), ('æœª') ) ;
#3286 = DIRECTION ( 'NONE',  ( -0.8660254037844381525, 0.000000000000000000, 0.5000000000000008882 ) ) ;
#3287 = EDGE_LOOP ( 'NONE', ( #3204, #1463 ) ) ;
#3288 = LINE ( 'NONE', #950, #527 ) ;
#3289 = EDGE_LOOP ( 'NONE', ( #534, #507 ) ) ;
#3290 = VECTOR ( 'NONE', #2100, 1000.000000000000000 ) ;
#3291 = CARTESIAN_POINT ( 'NONE',  ( -10.00000000000008527, 6.000000000000000000, -17.32050807568872841 ) ) ;
#3292 = FACE_OUTER_BOUND ( 'NONE', #1107, .T. ) ;
#3293 = VERTEX_POINT ( 'NONE', #2346 ) ;
#3294 = CARTESIAN_POINT ( 'NONE',  ( -8.422097051803666190, 14.00000000000000000, 4.862500000000010481 ) ) ;
#3295 = CARTESIAN_POINT ( 'NONE',  ( -12.12435565298214613, 6.500000000000000888, -6.999999999999998224 ) ) ;
#3296 = ORIENTED_EDGE ( 'NONE', *, *, #1897, .F. ) ;
#3297 = DIRECTION ( 'NONE',  ( 0.000000000000000000, -1.000000000000000000, 0.000000000000000000 ) ) ;
#3298 = ORIENTED_EDGE ( 'NONE', *, *, #1738, .F. ) ;
#3299 = FACE_OUTER_BOUND ( 'NONE', #1342, .T. ) ;
#3300 = VECTOR ( 'NONE', #3035, 1000.000000000000000 ) ;
#3301 = FACE_OUTER_BOUND ( 'NONE', #3131, .T. ) ;
#3302 = EDGE_CURVE ( 'NONE', #247, #2369, #2078, .T. ) ;
#3303 = CIRCLE ( 'NONE', #1743, 5.049999999999976730 ) ;
#3304 = APPROVAL_ROLE ( '' ) ;
#3305 = VECTOR ( 'NONE', #2602, 1000.000000000000000 ) ;
#3306 = EDGE_LOOP ( 'NONE', ( #571, #1533 ) ) ;
#3307 = DIRECTION ( 'NONE',  ( -0.000000000000000000, -1.000000000000000000, -0.000000000000000000 ) ) ;
#3308 = VERTEX_POINT ( 'NONE', #2025 ) ;
#3309 = DIRECTION ( 'NONE',  ( 0.4999999999999998890, -0.000000000000000000, -0.8660254037844387076 ) ) ;
#3310 = DIRECTION ( 'NONE',  ( -0.8660254037844390407, 0.000000000000000000, -0.4999999999999993894 ) ) ;
#3311 = ORIENTED_EDGE ( 'NONE', *, *, #1271, .F. ) ;
#3312 = DIRECTION ( 'NONE',  ( -0.000000000000000000, -1.000000000000000000, -0.000000000000000000 ) ) ;
#3313 = ORIENTED_EDGE ( 'NONE', *, *, #320, .T. ) ;
#3314 = CARTESIAN_POINT ( 'NONE',  ( 14.72500000000000320, 10.00000000000000000, 2.859086392538699339 ) ) ;
#3315 = FACE_OUTER_BOUND ( 'NONE', #2949, .T. ) ;
#3316 = LINE ( 'NONE', #2563, #775 ) ;
#3317 = VERTEX_POINT ( 'NONE', #1565 ) ;
#3318 = EDGE_CURVE ( 'NONE', #2790, #2760, #2803, .T. ) ;
#3319 = B_SPLINE_CURVE_WITH_KNOTS ( 'NONE', 3,
 ( #1979, #141, #1740, #1500, #929, #2483 ),
 .UNSPECIFIED., .F., .F.,
 ( 4, 2, 4 ),
 ( 4.336808689942017736E-19, 0.0004383268479649592674, 0.0008766536959299181010 ),
 .UNSPECIFIED. ) ;
#3320 = ADVANCED_FACE ( 'NONE', ( #1291 ), #2306, .T. ) ;
#3321 = ADVANCED_FACE ( 'NONE', ( #2784 ), #2326, .F. ) ;
#3322 = CARTESIAN_POINT ( 'NONE',  ( 14.72500000000000320, 24.00000000000000000, 2.859086392538699339 ) ) ;
#3323 = EDGE_LOOP ( 'NONE', ( #2694, #993, #381, #2830 ) ) ;
#3324 = EDGE_CURVE ( 'NONE', #1416, #1789, #3164, .T. ) ;
#3325 = DIRECTION ( 'NONE',  ( -0.000000000000000000, 1.000000000000000000, -0.000000000000000000 ) ) ;
#3326 = DIRECTION ( 'NONE',  ( -0.000000000000000000, 1.000000000000000000, -0.000000000000000000 ) ) ;
#3327 = ORIENTED_EDGE ( 'NONE', *, *, #2605, .T. ) ;
#3328 = CARTESIAN_POINT ( 'NONE',  ( 14.72500000000000320, 10.00000000000000000, -2.859086392538696675 ) ) ;
#3329 = AXIS2_PLACEMENT_3D ( 'NONE', #2860, #1276, #3132 ) ;
#3330 = LINE ( 'NONE', #1022, #2728 ) ;
#3331 = DIRECTION ( 'NONE',  ( -0.4999999999999996669, 0.000000000000000000, 0.8660254037844388186 ) ) ;
#3332 = AXIS2_PLACEMENT_3D ( 'NONE', #2141, #1106, #1902 ) ;
#3333 = ORIENTED_EDGE ( 'NONE', *, *, #2709, .T. ) ;
#3334 = CYLINDRICAL_SURFACE ( 'NONE', #740, 3.049999999999999822 ) ;
#3335 = CARTESIAN_POINT ( 'NONE',  ( 20.00000000000000355, 24.00000000000000000, 3.050000000000001599 ) ) ;
#3336 = CARTESIAN_POINT ( 'NONE',  ( 13.69763513652387488, 6.500000000000000888, -4.275000000000015454 ) ) ;
#3337 = DIRECTION ( 'NONE',  ( -0.000000000000000000, -1.000000000000000000, -0.000000000000000000 ) ) ;
#3338 = ORIENTED_EDGE ( 'NONE', *, *, #1758, .T. ) ;
#3339 = VECTOR ( 'NONE', #1070, 1000.000000000000000 ) ;
#3340 = LINE ( 'NONE', #294, #1657 ) ;
#3341 = ORIENTED_EDGE ( 'NONE', *, *, #382, .T. ) ;
#3342 = DIRECTION ( 'NONE',  ( 0.000000000000000000, 0.000000000000000000, -1.000000000000000000 ) ) ;
#3343 = ADVANCED_FACE ( 'NONE', ( #2822 ), #2094, .F. ) ;
#3344 = DIRECTION ( 'NONE',  ( 0.000000000000000000, 0.000000000000000000, 1.000000000000000000 ) ) ;
#3345 = CARTESIAN_POINT ( 'NONE',  ( 8.422097051803659085, 14.00000000000000000, 4.862499999999998046 ) ) ;
#3346 = ADVANCED_FACE ( 'NONE', ( #3299 ), #737, .T. ) ;
#3347 = CARTESIAN_POINT ( 'NONE',  ( -14.72500000000001386, 10.00000000000000000, -2.859086392538629173 ) ) ;
#3348 = VERTEX_POINT ( 'NONE', #480 ) ;
#3349 = EDGE_CURVE ( 'NONE', #1416, #1561, #1510, .T. ) ;
#3350 = CYLINDRICAL_SURFACE ( 'NONE', #1562, 1.000000000000000888 ) ;
#3351 = DIRECTION ( 'NONE',  ( 0.000000000000000000, 1.000000000000000000, -0.000000000000000000 ) ) ;
#3352 = AXIS2_PLACEMENT_3D ( 'NONE', #2676, #304, #2916 ) ;
#3353 = VERTEX_POINT ( 'NONE', #2049 ) ;
#3354 = CARTESIAN_POINT ( 'NONE',  ( -15.27091462006560718, 14.00000000000000000, -6.999999999999995559 ) ) ;
#3355 = FACE_OUTER_BOUND ( 'NONE', #2736, .T. ) ;
#3356 = CARTESIAN_POINT ( 'NONE',  ( 14.24062894538247370, 14.46899022361888321, -5.144560952922088148 ) ) ;
ENDSEC;
END-ISO-10303-21;
